localite;denomination;type_code
ABBE-BROUKOI;CENTRE DE SANTE URBAIN ABBE-BROUKOI;CSU
ABENGOUROU;CENTRE ANTITUBERCULEUX D'ABENGOUROU;CAT
ABENGOUROU;CENTRE DE SANTE DE LA POLICE NATIONALE D'ABENGOUROU;MIL
ABENGOUROU;CENTRE DE SANTE DES ARMEES ABENGOUROU;MIL
ABENGOUROU;CENTRE HOSPITALIER REGIONAL D'ABENGOUROU;CHR
ABENGOUROU;CREMOSS ABENGOUROU;CMS
ABENGOUROU;DISPENSAIRE URBAIN D'ABENGOUROU;DISP
ABENGOUROU;DISPENSAIRE URBAIN DE DIOULAKRO;DISP
ABENGOUROU;PMI D'ABENGOUROU;PMI
ABIATY;CENTRE DE SANTE RURAL D'ABIATY;CSR
ABIGUI;CENTRE DE SANTE URBAIN D'ABIGUI;CSU
ABOBO;CENTRE ANTITUBERCULEUX D'ABOBO-SOGEFIHA;CAT
ABOBO;CENTRE DE SANTE DES ARMEES 1er BATAILLON PROJETABLE;MIL
ABOBO;CENTRE DE SANTE DES ARMEES DE L'ESCADRON 3/1 D'ABOBO;MIL
ABOBO;CENTRE DE SANTE POLICE NATIONALE DE ABOBO GARE;MIL
ABOBO;CENTRE DE SANTE URBAIN A BASE COMMUNAUTAIRE ABOBO AGOUETO PK18 CARREFOUR;CSU
ABOBO;CENTRE DE SANTE URBAIN A BASE COMMUNAUTAIRE ABOBO BANCO SUD;CSU
ABOBO;CENTRE DE SANTE URBAIN A BASE COMMUNAUTAIRE ABOBO BC;CSU
ABOBO;CENTRE DE SANTE URBAIN A BASE COMMUNAUTAIRE ABOBO BOCABO;CSU
ABOBO;CENTRE DE SANTE URBAIN A BASE COMMUNAUTAIRE ABOBO KENNEDY CLOUETCHA;CSU
ABOBO;CENTRE DE SANTE URBAIN A BASE COMMUNAUTAIRE DE ABOBO ASSOMIN PK18;CSU
ABOBO;CENTRE DE SANTE URBAIN A BASE COMMUNAUTAIRE DE ABOBOTE;CSU
ABOBO;CENTRE DE SANTE URBAIN ANONKOUA III (ASAPSU);CSU
ABOBO;CENTRE DE SANTE URBAIN DE LA DJIBI;CSU
ABOBO;CENTRE DE SANTE URBAIN PRIVE CONFESSIONNEL HINNEH ABOBO PK18;CSU
ABOBO;CENTRE HOSPITALIER REGIONAL HOUPHOUET BOIGNY DE ABOBO NORD;CHR
ABOBO;CENTRE MEDICO SOCIAL ANADER;CMS
ABOBO;CENTRE MEDICO SOCIAL SAINT COEUR D'ABOBOTE CLOUETCHA;CMS
ABOBO;CENTRE MEDICO SOCIAL SOS VILLAGE D'ENFANTS ABOBO;CMS
ABOBO;CREMOSS ABOBO (Centre médical personnel Education nationale);CMS
ABOBO;FORMATION SANITAIRE URBAINE A BASE COMMUNAUTAIRE ABOBO ANONKOUA KOUTE;FSU
ABOBO;FORMATION SANITAIRE URBAINE A BASE COMMUNAUTAIRE ABOBO AVOCATIER;FSU
ABOBO;FORMATION SANITAIRE URBAINE A BASE COMMUNAUTAIRE ABOBO BAOULE;FSU
ABOBO;FORMATION SANITAIRE URBAINE A BASE COMMUNAUTAIRE DE ABOBO AKEIKOI;FSU
ABOBO;FORMATION SANITAIRE URBAINE A BASE COMMUNAUTAIRE DE ABOBO SAGBE;FSU
ABOBO;SERVICE DE SANTE SCOLAIRE ET UNIVERSITAIRE SERVICE ADOLESCENT JEUNES ABOBO 1;SSSU
ABOBO;SERVICE DE SANTE SCOLAIRE ET UNIVERSITAIRE SERVICE ADOLESCENT JEUNES ABOBO 2;SSSU
ABOBO;SERVICE DE SANTE SCOLAIRE ET UNIVERSITAIRE SERVICE ADOLESCENT JEUNES ABOBO PK18;SSSU
ABOISSO;CENTRE DE SANTE DES ARMEES DE GENDARMERIE D'ABOISSO;MIL
ABOISSO;CENTRE HOSPITALIER REGIONAL D'ABOISSO;CHR
ABOISSO;DISPENSAIRE URBAIN ABOISSO;DISP
ABOISSO;PMI D'ABOISSO;PMI
ABOISSO;SERVICE DE SANTE SCOLAIRE ET UNIVERSITAIRE SERVICE ADOLESCENT JEUNES ABOISSO;SSSU
ABOKOUMAN;CENTRE DE SANTE RURAL / DISPENSAIRE PUBLIC ABOKOUMAN;CSR
ABONGOUA;CENTRE DE SANTE URBAIN D'ABONGOUA;CSU
ABOUABOU;CENTRE DE SANTE RURAL D'ABOUABOU;CSR
ABOUDE;CENTRE DE SANTE URBAIN D'ABOUDE;CSU
ABRADINOU;CENTRE DE SANTE URBAIN D'ABRADINOU;CSU
ABY;CENTRE DE SANTE URBAIN ABY;CSU
ADANDIA;CENTRE DE SANTE RURAL D'ADANDIA;CSR
ADAOU;CENTRE DE SANTE URBAIN D'ADAOU;CSU
ADAROME;CENTRE DE SANTE RURAL D'ADAROME;CSR
ADIAKE;CSA FORCES SPECIALES ADIAKE;MIL
ADIAKE;HÔPITAL GENERAL D'ADIAKE;HG
ADIOPODOUME;CENTRE DE SANTE RURAL D'ADIOPODOUME;CSR
ADJAHUI COUBE;CENTRE DE SANTE RURAL D'ADJAHUI COUBE;CSR
ADJAME;CENTRE DE SANTE DES ARMEES GSPM ADJAME-INDENIE;MIL
ADJAME;CENTRE DE SANTE URBAIN A BASE COMMUNAUTAIRE DE WILLIAMSVILLE;CSU
ADJAME;CENTRE MEDICAL DES CRS1;CMS
ADJAME;CENTRE MEDICAL ENTREPRISE FRATERNITE MATIN;CMS
ADJAME;CREMOSS ADJAME;CMS
ADJAME;FORMATION SANITAIRE URBAINE 220 LOGEMENTS;FSU
ADJAME;FORMATION SANITAIRE URBAINE A BASE DE WILLIAMSVILLE;FSU
ADJAME;HÔPITAL GENERAL D'ADJAME;HG
ADJAME;HÔPITAL MILITAIRE D'ABIDJAN;MIL
ADJAME;INSTITUT NATIONAL DE SANTE PUBLIQUE D'ADJAME;INST
ADJAME;SERVICE DE SANTE SCOLAIRE ET UNIVERSITAIRE SERVICE ADOLESCENT JEUNES ADJAME EST;SSSU
ADJAME;SERVICE DE SANTE SCOLAIRE ET UNIVERSITAIRE SERVICE ADOLESCENT JEUNES ADJAME NORD;SSSU
ADJAME;SERVICE DE SANTE SCOLAIRE ET UNIVERSITAIRE SERVICE ADOLESCENT JEUNES DE ADJAME CENTRE;SSSU
ADJAME;SSSU-SAJ DU CROU DE L'UNIVERSITE NANGUI ABROGOUA;SSSU
ADONKOI 2;DISPENSAIRE RURAL D'ADONKOI 2;DISP
ADOUKOFFIKRO;CENTRE DE SANTE RURAL D'ADOUKOFFIKRO;CSR
ADZOPE;CENTRE ANTITUBERCULEUX D'ADZOPE;CAT
ADZOPE;CENTRE DE SANTE URBAIN ANNEPE;CSU
ADZOPE;CENTRE HOSPITALIER REGIONAL D'ADZOPE;CHR
ADZOPE;INSTITUT RAOUL FOLLEREAU D'ADZOPE;INST
ADZOPE;PMI D'ADZOPE;PMI
ADZOPE;SERVICE DE SANTE SCOLAIRE ET UNIVERSITAIRE SERVICE ADOLESCENT JEUNES D'ADZOPE;SSSU
AFFALIKRO;CENTRE DE SANTE URBAIN D'AFFALIKRO;CSU
AFFERY;FORMATION SANITAIRE URBAINE D'AFFERY;FSU
AFFIENOU;CENTRE DE SANTE URBAIN AFFIENOU;CSU
AFFIKRO;CENTRE DE SANTE RURAL D'AFFIKRO;CSR
AGBAOU;DISPENSAIRE RURAL D'AGBAOU;DISP
AGBOVILLE;CENTRE DE SANTE URBAIN D'AZAGUIE;CSU
AGBOVILLE;CENTRE DE SANTE URBAIN DE CECHI;CSU
AGBOVILLE;CENTRE DE SANTE URBAIN DE GRAND MORIE;CSU
AGBOVILLE;CENTRE DE SANTE URBAIN DE KOUAKOUKRO-SOKOURA;CSU
AGBOVILLE;CENTRE DE SANTE URBAIN DE RUBINO;CSU
AGBOVILLE;CENTRE HOSPITALIER REGIONAL D'AGBOVILLE;CHR
AGBOVILLE;CREMOSS AGBOVILLE;CMS
AGBOVILLE;PMI D'AGBOVILLE;PMI
AGBOVILLE;SERVICE DE SANTE SCOLAIRE ET UNIVERSITAIRE-SERVICE ADOLESCENT JEUNES DE AGBOVILLE;SSSU
AGNI ASSIKASSO;DISPENSAIRE RURAL D'AGNI ASSIKASSO;DISP
AGNIBILEKROU;HÔPITAL GENERAL D'AGNIBILEKROU;HG
AGNIBILEKROU;PMI D'AGNIBILEKROU;PMI
AGNIBILEKROU;SERVICE DE SANTE SCOLAIRE ET UNIVERSITAIRE-SERVICE ADOLESCENT JEUNES D'AGNIBILEKROU;SSSU
AGNIKRO;CENTRE DE SANTE URBAIN D'AGNIKRO;CSU
AGOU;CENTRE DE SANTE URBAIN D'AGOU;CSU
AHEREMOU II;CENTRE DE SANTE RURAL D'AHEREMOU II;CSR
AHIGBE KOFFIKRO;CENTRE DE SANTE RURAL D'AHIGBE KOFFIKRO;CSR
AHIZABRE;CENTRE DE SANTE RURAL AHIZABRE;CSR
AHONDO;CENTRE DE SANTE RURAL D'AHONDO;CSR
AHOUABO;CENTRE DE SANTE RURAL D'AHOUABO;CSR
AHOUAKRO;CENTRE DE SANTE RURAL AHOUAKRO;CSR
AHOUANOU;CENTRE DE SANTE URBAIN D'AHOUANOUA;CSU
AHOUATY;DISPENSAIRE RURAL D'AHOUATY;DISP
AHOUE;CENTRE DE SANTÉ RURAL D'AHOUE;CSR
AHOUGNASSOU-ALLAHOU;CENTRE DE SANTE RURAL-DM AHOUGNASSOU ALLAHOU;CSR
AHUIKOI;DISPENSAIRE RURAL D'AHUIKOI;DISP
AHUITIESSO;CENTRE DE SANTE RURAL D'AHUITIESSO;CSR
AKAKRO;CENTRE DE SANTE RURAL D'AKAKRO;CSR
AKAKRO N'ZIPRIS;DISPENSAIRE RURAL DE AKAKRO N'ZIPRIS;DISP
AKANANGBO;DISPENSAIRE RURAL D'AKANANGBO;DISP
AKOBOISSUE;CENTRE DE SANTE URBAIN D'AKOBOISSUE;CSU
AKOUE;DISPENSAIRE RURAL DE MAHOUNOU AKOUE;DISP
AKOUNOUGBE;CENTRE DE SANTE RURAL D'AKOUNOUGBE;CSR
AKOUPE;HÔPITAL GENERAL D'AKOUPE;HG
AKOUPE-ANYAMA (ZEUDJI);CENTRE DE SANTE URBAIN D'AKOUPE ANYAMA;CSU
AKPASSANOU;CENTRE DE SANTE RURAL D'AKPASSANOU;CSR
AKPESSEKRO;CENTRE DE SANTE RURAL DE AKPESSEKRO;CSR
AKROUFLA;CENTRE DE SANTE RURAL D'AKROUFLA;CSR
ALEPE;CENTRE D'EDUCATION SANITAIRE DES SOEURS DOROTHEE D'ALEPE (CESDA);AUT
ALEPE;CENTRE DE SANTE URBAIN D'ALLOSSO;CSU
ALEPE;CENTRE DE SANTE URBAIN D'OGHLWAPO;CSU
ALEPE;CENTRE DE SANTE URBAIN DE DANGUIRA;CSU
ALEPE;HÔPITAL GENERAL D'ALEPE;HG
ALLOKOI;CENTRE DE SANTE URBAIN D'ALLOKOI;CSU
AMAN SALEKRO;DISPENSAIRE RURAL DE AMAN SALEKRO;DISP
AMANKRO;CENTRE DE SANTE RURAL D'AMANKRO;CSR
AMANVI;CENTRE DE SANTE URBAIN D'AMANVI;CSU
AMELEKIA;CENTRE DE SANTE URBAIN AMELEKIA;CSU
AMIAN KOUASSIKRO;CENTRE DE SANTE RURAL DE AMIAN KOUASSIKRO;CSR
AMORIAKRO;CENTRE DE SANTE RURAL D'AMORIAKRO;CSR
AMOROKI;CENTRE DE SANTE RURAL / DISPENSAIRE AMOROKI;CSR
ANANDA;CENTRE DE SANTE URBAIN D'ANANDA;CSU
ANANGUIE;CENTRE DE SANTE RURAL D'ANANGUIE;CSR
ANANGUIE;CENTRE DE SANTE URBAIN ANANGUIE;CSU
ANCIEN PROZI;CENTRE DE SANTE RURAL ANCIEN PROZI;CSR
ANDE;CENTRE DE SANTE RURAL ANDE;CSR
ANDE;CENTRE DE SANTE URBAIN D'ANDE;CSU
ANDO-KEKRENOU;CENTRE DE SANTE URBAIN D'ANDO-KEKRENOU;CSU
ANDOFOUE BONON;DISPENSAIRE RURAL D'ANDOFOUE BONON;DISP
ANGONDA;CENTRE DE SANTE URBAIN D'ANGODA;CSU
ANGUEDEDOU;CENTRE MEDICAL DE LA CNRA-ANGUEDEDOU (YOPOUGON OUEST);CMS
ANIASSUE;CENTRE DE SANTE URBAIN D'ANIASSUE;CSU
ANNO;CENTRE DE SANTE RURAL ANNO;CSR
ANOUMABA;CENTRE DE SANTE URBAIN D'ANOUMABA;CSU
ANYAMA;CENTRE DE SANTE URBAIN CISSE ANYAMA;CSU
ANYAMA;CENTRE DE SANTE URBAIN DE ANYAMA;CSU
ANYAMA;CENTRE DE SANTE URBAIN DE BROFODOUME;CSU
ANYAMA;CENTRE MEDICAL DE LA CNRA DE LA ME;CMS
ANYAMA;HÔPITAL GENERAL D'ANYAMA;HG
ANYAMA;SERVICE DE SANTE SCOLAIRE ET UNIVERSITAIRE SERVICE ADOLESCENT JEUNES ANYAMA;SSSU
ANYAMA-ADJAME;CENTRE DE SANTE RURAL D'ANYAMA-ADJAME;CSR
ANYANOU;CENTRE DE SANTE RURAL D'ANYANOU;CSR
APPIMANDOUM;CENTRE DE SANTE RURAL D'APPIMANDOUM;CSR
APPOISSO;CENTRE DE SANTE URBAIN APPOISSO;CSU
APPOUASSO;CENTRE DE SANTE RURAL D'APPOUASSO;CSR
APPROMPRONOU;CENTRE DE SANTE URBAIN D'APPROMPRONOU;CSU
ARRAH;DISPENSAIRE URBAIN SAINT MICHEL D'ARRAH;DISP
ARRAH;HÔPITAL GENERAL D'ARRAH;HG
ARROSSUA;DISPENSAIRE RURAL D'ARROSSUA;DISP
ASSAHARA;CENTRE DE SANTE URBAIN D'ASSAHARA;CSU
ASSANDRE;CENTRE DE SANTE RURAL D'ASSANDRE;CSR
ASSANOU;CENTRE DE SANTE RURAL D'ASSANOU;CSR
ASSE N'GATTAKRO;CENTRE DE SANTE RURAL DE ASSE N'GATTAKRO;CSR
ASSIE KOUMASSI;CENTRE DE SANTE URBAIN D'ASSIE KOUMASSI;CSU
ASSIKA KAYABO;CENTRE DE SANTE RURAL DE ASSIKA-KAYABO;CSR
ASSIKOI;CENTRE DE SANTE RURAL ASSIKOI;CSR
ASSINIE FRANCE;CENTRE DE SANTE RURAL D'ASSINIE FRANCE;CSR
ASSINIE MAFIA;CENTRE DE SANTE URBAIN D'ASSINIE MAFIA;CSU
ASSIRIKRO;CENTRE DE SANTE URBAIN D'ASSIRIKRO;CSU
ASSOMLAN;CENTRE DE SANTE RURAL D'ASSOMLAN;CSR
ASSOUBA;CENTRE DE SANTE RURAL D'ASSOUBA;CSR
ASSOUINDE;CENTRE DE SANTE RURAL D'ASSOUINDE;CSR
ASSUAME;CENTRE DE SANTE RURAL D'ASSUAME;CSR
ASSUEFRY;CENTRE DE SANTE URBAIN D'ASSUEFRY;CSU
ATTECOUBE;CENTRE DE SANTE URBAIN ABIDJAN SANTAI;CSU
ATTECOUBE;CENTRE DE SANTE URBAIN COMMUNAUTAIRE D'AGBAN VILLAGE;CSU
ATTECOUBE;CENTRE DE SANTE URBAIN D'ABOBO-DOUME;CSU
ATTECOUBE;CENTRE DE SANTE URBAIN D'ATTECOUBE 3;CSU
ATTECOUBE;CENTRE MEDICAL DE LA BASE NAVALE D'ABIDJAN;CMS
ATTECOUBE;FORMATION SANITAIRE URBAIN D'ABOBO-DOUME/LOCODJRO;FSU
ATTECOUBE;FORMATION SANITAIRE URBAINE D'ATTECOUBE;FSU
ATTECOUBE;INFIRMERIE DU CENTRE DE FORMATION NAVALE;CMS
ATTIEGOUAKRO;CENTRE DE SANTE URBAIN D'ATTIEGOUAKRO;CSU
ATTIEKOI;CENTRE DE SANTE RURAL D'ATTIEKOI;CSR
ATTIENKRO;HÔPITAL MATERNO INFANTIL AKWABA CATALUNYA;HOP
ATTIGUEI;CENTRE DE SANTE RURAL D'ATTIGUEI;CSR
ATTINGUIE;CENTRE DE SANTE URBAIN D'ATTINGUIE;CSU
ATTOBROU;CENTRE DE SANTE URBAIN ATTOBROU;CSU
AYAME;HOPITAL GENERAL AYAME;HG
AYENOUAN;CENTRE DE SANTE RURAL D'AYENOUAN;CSR
AZAGUIE;CNRA AZAGUIE;AUT
AZAGUIE-BLIDA;CENTRE DE SANTE RURAL AZAGUIE-BLIDA;CSR
BABADOUGOU;CENTRE DE SANTE RURAL DE BABADOUGOU;CSR
BABAKRO;CENTRE DE SANTE RURAL DE BABAKRO;CSR
BABIEN;CENTRE DE SANTE RURAL DE BABIEN;CSR
BADIKAHA;CENTRE DE SANTE URBAIN DE BADIKAHA;CSU
BAGO;CENTRE DE SANTE RURAL BAGO;CSR
BAGOHOUO;CENTRE DE SANTE URBAIN DE BAGOHOUO;CSU
BAGOLIEDOUA;CENTRE DE SANTE RURAL DE BAGOLIEOUA;CSR
BAHOUAKAHA;CENTRE DE SANTE RURAL DE BAHOUAKAHA;CSR
BAKANDESSO;CENTRE DE SANTE RURAL DE BAKANDESSO;CSR
BAKANOU A;CENTRE DE SANTE RURAL BAKANOU A;CSR
BAKANOU B;CENTRE DE SANTE RURAL BAKANOU B;CSR
BAKO;CENTRE DE SANTE URBAIN DE BAKO;CSU
BAKOUBLY;CENTRE DE SANTE URBAIN DE BAKOUBLY;CSU
BALALA;DISPENSAIRE RURAL DE BALALA;DISP
BALEKAHA;CENTRE DE SANTE RURAL DE BALEKAHA;CSR
BALEKO;CENTRE DE SANTE RURAL DE BALEKO;CSR
BALEYO;DISPENSAIRE RURAL DE BALEYO;DISP
BAMORO;CENTRE DE SANTE RURAL DE BAMORO;CSR
BANACOMOE;CENTRE MEDICO-SOCIAL SCB DE BANACOMOE;CMS
BANANDJE;DISPENSAIRE RURAL DE BANANDJE;DISP
BANDAKAGNI-SOKOURA;CENTRE DE SANTE RURAL DE BANDAKAGNI-SOKOURA;CSR
BANDIAHI;CENTRE DE SANTE RURAL DE BANDIAHI;CSR
BANGOLO;CENTRE DE SANTE URBAIN DE BANGOLO;CSU
BANGOLO;HÔPITAL GENERAL DE BANGOLO;HG
BANGOUA;CENTRE DE SANTE RURAL INTEGRE DE BANGOUA;CSR
BANIA;DISPENSAIRE RURAL DE BANIA;DISP
BANNEU;CENTRE DE SANTE URBAIN DE BANNEU;CSU
BANNONFLA;CENTRE DE SANTE RURAL BANNONFLA;CSR
BAROUHIO;CENTRE DE SANTE URBAIN DE BAROUHIO;CSU
BASSAWA;CENTRE DE SANTE URBAIN DE BASSAWA;CSU
BAYA;CENTRE DE SANTE URBAIN DE BAYA;CSU
BAYEKOU BASSI;CENTRE DE SANTE RURAL DE BAYEKOU BASSI;CSR
BAYOTA;CENTRE DE SANTE URBAIN DE BAYOTA;CSU
BAZRA-NATIS;CENTRE DE SANTE RURAL DE BAZRA NATIS;CSR
BAZRE;CENTRE DE SANTE URBAIN DE BAZRE;CSU
BECEDI;CENTRE DE SANTE RURAL NOTRE-DAME D'EVRON DE BECEDI;CSR
BECOUEFIN;CENTRE DE SANTE URBAIN DE BECOUEFIN;CSU
BEDIALA;CENTRE DE SANTE URBAIN DE BEDIALA;CSU
BEDY GOAZON;CENTRE DE SANTE RURAL DE BEDY GOAZON;CSR
BEKORA;CENTRE DE SANTE RURAL DE BEKORA;CSR
BELEDOUGOU;CENTRE DE SANTE URBAINE DE BELEDOUGOU;CSU
BELLEVILLE;CENTRE DE SANTE RURAL DE BELLEVILLE;CSR
BELLEVILLE;CENTRE DE SANTE URBAIN UNICAFE ET BELLEVILLE;CSU
BELLEVILLE 2;CENTRE DE SANTE URBAIN ANYAMA GENDARMERIE;MIL
BEMADI;CENTRE DE SANTE RURAL BEMADI;CSR
BENDIE KOMENANKRO;DISPENSAIRE RURAL DE BENDIE KONENANKRO;DISP
BENGASSOU;CENTRE DE SANTE URBAIN DE BENGASSOU;CSU
BEOUMI;HÔPITAL GENERAL DE BEOUMI;HG
BEOUMI;PMI DE BEOUMI;PMI
BEOUMI;SERVICE DE SANTE SCOLAIRE ET UNIVERSITAIRE-SERVICE ADOLESCENT JEUNES DE BEOUMI;SSSU
BERENI-DIALLA;CENTRE DE SANTE RURAL DE BERENI DIALLA;CSR
BETTIE;HÔPITAL GENERAL DE BETTIE;HG
BETTIE;SERVICE DE SANTE SCOLAIRE ET UNIVERSITAIRE-SERVICE ADOLESCENT JEUNES DE BETTIE;SSSU
BIANKOUMAN;HÔPITAL GENERAL DE BIANKOUMAN;HG
BIANKOUMAN;SERVICE DE SANTE SCOLAIRE ET UNIVERSITAIRE DES ADOLESCENTS ET JEUNES DE BIANKOUMAN;SSSU
BIANOUAN;CENTRE DE SANTE URBAIN DE BIANOUAN;CSU
BIANTOUO 2;CENTRE DE SANTE RURAL DE BIANTOUO 2;CSR
BIDIE;CENTRE DE SANTE RURAL DE BIDIE;CSR
BIEBY;CENTRE DE SANTE URBAIN DE BIEBY;CSU
BILIMONO;CENTRE DE SANTE URBAIN DE BILIMONO;CSU
BIN-HOUYE;CENTRE DE SANTE URBAIN DE BIN-HOUYE;CSU
BINAO;CENTRE DE SANTE URBAIN DE BINAO;CSU
BINGERVILLE;CENTRE DE SANTE DES ARMEES DE L'EMPT;MIL
BINGERVILLE;CENTRE DE SANTE RURAL D'ADJIN;CSR
BINGERVILLE;CENTRE DE SANTE URBAIN DE GBAGBA;CSU
BINGERVILLE;CENTRE SANTE RURAL D'AKOUE AGBAN;CSR
BINGERVILLE;DISPENSAIRE RURAL DU VILLAGE MARCHOUX;DISP
BINGERVILLE;HÔPITAL GENERAL BINGERVILLE;HG
BINGERVILLE;PMI COMBES DE BINGERVILLE;PMI
BINGERVILLE;SERVICE DE SANTE SCOLAIRE ET UNIVERSITAIRE-SERVICE ADOLESCENT JEUNES DE BINGERVILLE;SSSU
BINGORO;CENTRE DE SANTE RURAL DE BINGORO;CSR
BINOUFLA;DISPENSAIRE RURAL DE BINOUFLA;DISP
BINZRA;CENTRE DE SANTE RURAL DE BINZRA;CSR
BIZIAKA;CENTRE DE SANTE RURAL DE BEZIAKA;CSR
BLAGBOKAHA;CENTRE DE SANTE RURAL DE BLAGBOKAHA;CSR
BLAPLEU;CENTRE DE SANTE URBAIN DE BLAPLEU;CSU
BLENIMEOUIN;CENTRE DE SANTE URBAIN DE BLENIMEOUIN;CSU
BLESSEGUE;CENTRE DE SANTE URBAIN DE BLESSEGUE;CSU
BLESSEOUA;DISPENSAIRE RURAL DE RURAL DE BLESSEOUA;DISP
BLOLEQUIN;HÔPITAL GENERAL DE BLOLEQUIN;HG
BOBI;CENTRE DE SANTE RURAL DE BOBI;CSR
BOBIA;CENTRE DE SANTE RURAL DE BOBIA;CSR
BOBOLILIE;CENTRE DE SANTE URBAIN DE BOBOLILIE;CSU
BOBREGUHE;CENTRE DE SANTE RURAL DE BOBREGUHE;CSR
BOCANDA;DISPENSAIRE RURAL SAINTE ANNE DE BOCANDA;DISP
BOCANDA;HÔPITAL GENERAL DE BOCANDA;HG
BODO;CENTRE DE SANTE RURAL DE BODO;CSR
BODOKRO;CENTRE DE SANTE URBAIN DE BODOKRO;CSU
BOGOFA;DISPENSAIRE RURAL DE BOGOFA;DISP
BOGOUINE;DISPENSAIRE RURAL DE BOGUINE;DISP
BOGREGNOA;CENTRE DE SANTE RURAL DE BOGREGNOA;CSR
BOGREKO;CENTRE DE SANTE RURAL DE BOGREKO;CSR
BOGUEDIA;CENTRE DE SANTE URBAIN DE BOGUEDIA;CSU
BOKALA-NIAMPONDOUGOU;CENTRE DE SANTE RURAL DE BOKALA-NIAMPONDOUGOU;CSR
BOKEDA;CENTRE DE SANTE RURAL DE BOKEDA;CSR
BOLI;CENTRE DE SANTE RURAL DE BOLI;CSR
BOLONA;CENTRE DE SANTE RURAL DE BOLONA;CSR
BONAHOUIN;CENTRE DE SANTE RURAL DE BONANHOUIN;CSR
BONDO;CENTRE DE SANTE URBAIN DE BONDO;CSU
BONDOUKOU;CENTRE DE SANTE DES ARMEES DE;MIL
BONDOUKOU;CENTRE DE SANTE URBAIN SAINTE MARIE DE BONDOUKOU;CSU
BONDOUKOU;CENTRE HOSPITALIER REGIONAL DE BONDOUKOU;CHR
BONDOUKOU;CREMOSS DE BONDOUKOU;CMS
BONDOUKOU;DISPENSAIRE URBAIN DE BONDOUKOU;DISP
BONDOUKOU;GENDARMERIE DE BONDOUKOU;MIL
BONDOUKOU;PMI DE BONDOUKOU;PMI
BONGO;CENTRE DE SANTE URBAIN DE BONGO;CSU
BONGOUANOU;HÔPITAL GENERAL DE BONGOUANOU;HG
BONGUERA;CENTRE DE SANTE URBAIN DE BONGUERA;CSU
BONIANKRO;CENTRE DE SANTE RURAL DE BONIANKRO;CSR
BONIEREDOUGOU;CENTRE DE SANTE URBAIN DE BONIEREDOUGOU;CSU
BONIKRO;CENTRE DE SANTE RURAL DE BONIKRO;CSR
BONON;HÔPITAL GENERAL DE BONON;HG
BONOUA;HÔPITAL GENERAL DE BONOUA;HG
BONOUA;SERVICE DE SANTE SCOLAIRE ET UNIVERSITAIRE SERVICE ADOLESCENT JEUNES DE BONOUA;SSSU
BONOUFLA;CENTRE DE SANTE RURAL DE BONOUFLA;CSR
BONZI;DISPENSAIRE RURAL DE BONZI;DISP
BOODA;CENTRE DE SANTE RURAL DE BOODA;CSR
BOOKO;CENTRE DE SANTE URBAIN DE BOOKO;CSU
BOROBO;CENTRE DE SANTE RURAL INTEGRE DE BOROBO;CSR
BOROTOU;CENTRE DE SANTE URBAIN BOROTOU;CSU
BOROTOU KORO;MATERNITE RURALE DE BONTOU;MAT
BOTINDE;CENTRE DE SANTE RURAL DE BOTINDE;CSR
BOTRO;HÔPITAL GENERAL DE BOTRO;HG
BOUAFLE;CENTRE HOSPITALIER REGIONAL DE BOUAFLE;CHR
BOUAFLE;CENTRE MEDICO SOCIAL SOLIBRA DE BOUAFLE;CMS
BOUAFLE;DISPENSAIRE RURAL DE L'EFAP DE BOUAFLE;DISP
BOUAFLE;MATERNITE DE DIOULABOUGOU BOUAFLE;MAT
BOUAFLE;PMI DE BOUAFLE;PMI
BOUAFLE;SERVICE DE SANTE SCOLAIRE ET UNIVERSITAIRE-SERVICE ADOLESCENT JEUNES DE BOUAFLE;SSSU
BOUAKE;CENTRE ANTITUBERCULEUX DE BOUAKE;CAT
BOUAKE;CENTRE DE SANTE DES ARMEES 3eme COMPAGNIE GSPM DE BOUAKE;MIL
BOUAKE;CENTRE DE SANTE DES ARMEES 3ème LEGION GENDARMERIE DE BOUAKE;MIL
BOUAKE;CENTRE DE SANTE DES ARMEES BASE AERIENNE DE BOUAKE;MIL
BOUAKE;CENTRE DE SANTE DES ARMEES DU 3ème BATAILLON DE BOUAKE;MIL
BOUAKE;CENTRE DE SANTE DES ARMEES DU GENIE DE BOUAKE;MIL
BOUAKE;CENTRE DE SANTE DES ARMEES ENSOA DE BOUAKE;MIL
BOUAKE;CENTRE DE SANTE URBAIN BELLE VILLE DE BOUAKE;CSU
BOUAKE;CENTRE DE SANTE URBAIN D'AIR FRANCE III;CSU
BOUAKE;CENTRE DE SANTE URBAIN DE BROUKRO;CSU
BOUAKE;CENTRE DE SANTE URBAIN DE DIEZOUKOUAMEKRO;CSU
BOUAKE;CENTRE DE SANTE URBAIN DE KOKO;CSU
BOUAKE;CENTRE DE SANTE URBAIN DE NIMBO;CSU
BOUAKE;CENTRE DE SANTE URBAIN SOKOURA DE BOUAKE;CSU
BOUAKE;CENTRE HOSPITALIER UNIVERSITAIRE DE BOUAKE;CHU
BOUAKE;CENTRE MEDICO SOCIAL RTI DE BOUAKE;CMS
BOUAKE;CENTRE MEDICO-SOCIAL SAINT CAMILLE DE LELLIS (BOUAKE);CMS
BOUAKE;CREMOSS DE BOUAKE 1;CMS
BOUAKE;FORMATION SANITAIRE URBAINE D'AHOUGNANSOU;FSU
BOUAKE;HÔPITAL PSYCHIATRIQUE DE BOUAKE;HOP
BOUAKE;INFIRMERIE CNRA BOUAKE;CMS
BOUAKE;PMI SOKOURA DE BOUAKE;PMI
BOUAKE;SERVICE DE SANTE SCOLAIRE ET UNIVERSITAIRE-SERVICE ADOLESCENT JEUNES DE BOUAKE 1 COMMERCE;SSSU
BOUAKE;SSSU-SAJ DU CROU CAMPUS 1 DE L'UNIVERSITE ALASSANE OUATTARA;SSSU
BOUAKE;SSSU-SAJ DU CROU CAMPUS 2 DE L'UNIVERSITE ALASSANE OUATTARA;SSSU
BOUAKE;SSSU-SAJ DU CROU DE LA CITE FORESTIERE DE L'UNIVERSITE FORESTIERE ALASSANE OUATTARA;SSSU
BOUENEU;CENTRE DE SANTE RURAL DE BOUENEU;CSR
BOUGOU;CENTRE DE SANTE URBAIN DE BOUGOU;CSU
BOUGOUSSO;CENTRE DE SANTE RURAL-DISPENSAIRE DE BOUGOUSSO;CSR
BOUKO;CENTRE DE SANTE RURAL DE BOUKO;CSR
BOUNA;CENTRE DE SANTE URBAIN INTEGRE DE BOUNA;CSU
BOUNA;HÔPITAL GENERAL DE BOUNA;HG
BOUNA;PMI DE BOUNA;PMI
BOUNA;SERVICE DE SANTE SCOLAIRE UNIVERSITAIRE-SERVICE ADOLESCENT JEUNES DE BOUNA;SSSU
BOUNDA;CENTRE DE SANTE RURAL DE BOUNDA;CSR
BOUNDIALI;HÔPITAL GENERAL DE BOUNDIALI;HG
BOUNDIALI;PMI DE BOUNDIALI;PMI
BOUNDIALI;SERVICE DE SANTE SCOLAIRE ET UNIVERSITAIRE SERVICE ADOLESCENT JEUNES DE BOUNDIALI;SSSU
BOUSSOUKRO;CENTRE DE SANTE RURAL DE BOUSSOUKRO;CSR
BOYO;CENTRE DE SANTE RURAL DE BOYO;CSR
BRAFFOUEBY;CENTRE DE SANTE RURAL DE BRAFFOUEBY;CSR
BRIBOUO;DISPENSAIRE RURAL DE BRIBOUO;DISP
BRIGNAN;CENTRE DE SANTE URBAIN BECEDI BRIGNAN;CSU
BRINGAKRO;CENTRE DE SANTE RURAL DE BRINGAKRO;CSR
BROBO;CENTRE DE SANTE URBAIN DE BROBO;CSU
BROKOUA;CENTRE DE SANTE RURAL DE BROKOUA;CSR
BROMA;CENTRE DE SANTE RURAL DE BROMA;CSR
BROMBIREDOUO;DISPENSAIRE RURAL DE BROMBIREDOUO;DISP
BROU AHOUSSOUKRO;DISPENSAIRE RURAL DE BROU AHOUSSOUKRO;DISP
BROUBROU;CENTRE DE SANTE RURAL DE BROUBROU;CSR
BROUKRO;CENTRE DE SANTE RURAL DE BROUKRO;CSR
BROZAN;CENTRE DE SANTE RURAL DE BROZAN;CSR
BUYO;CENTRE DE SANTE URBAIN BUYO-PLATEAU;CSU
BUYO;HÔPITAL GENERAL DE BUYO;HG
CAFETOU;MATERNITE HENRIETTE KONAN BEDIE (CENTRE DE SANTE URBAIN CAFETOU);MAT
CEWEKE;SERVICE DE SANTE SCOLAIRE ET UNIVERSITAIRE-SERVICE ADOLESCENT JEUNES DE SAN-PEDRO;SSSU
CHIEPO;CENTRE DE SANTE URBAIN DE CHIEPO;CSU
COCODY;CENTRE DE CONSULTATION ET DE TRAITEMENT D'ODONTO-STOMATOLOGIE (CCTOS);AUT
COCODY;CENTRE DE SANTE DE L'ECOLE NATIONALE DE POLICE;MIL
COCODY;"CENTRE DE SANTE DES ARMEES 1er BATAILLON D'INFANTERIE D'AKOUEDO ""NOUVEAU CAMP""";MIL
COCODY;CENTRE DE SANTE DES ARMEES DE L'ECOLE DE GENDARMERIE D'ABIDJAN;MIL
COCODY;CENTRE DE SANTE DES ARMEES-CENTRE PRINCIPALE DE SANTE D'AGBAN;MIL
COCODY;CENTRE DE SANTE DES ARMEES-GSPR DE COCODY;MIL
COCODY;CENTRE DE SANTE MUNICIPAL DE COCODY BLOCKHAUSS;CS
COCODY;CENTRE DE SANTE MUNICIPAL DE COCODY DE M'POUTO;CS
COCODY;CENTRE DE SANTE MUNICIPAL DE LA RIVIERA M'BADON;CS
COCODY;CENTRE DE SANTE RURAL D'ELOKA;CSR
COCODY;CENTRE DE SANTE URBAIN A BASE COMMUNAUTAIRE DE COCODY ANGRE;CSU
COCODY;CENTRE DE SANTE URBAIN A BASE COMMUNAUTAIRE DE LA RIVIERA ANONO;CSU
COCODY;CENTRE DE SANTE URBAIN A BASE COMMUNAUTAIRE DE LA RIVIERA PALMERAIE;CSU
COCODY;CENTRE DE SANTE URBAIN D'ABATTA;CSU
COCODY;CENTRE DE SANTE URBAIN D'AKOUEDO-ATTIE;CSU
COCODY;CENTRE DE SANTE URBAIN D'AKOUEDO-VILLAGE;CSU
COCODY;CENTRE DE SANTE URBAIN DE COCODY COLOMBIE;CSU
COCODY;CENTRE DE SANTE URBAIN GENIE 2000 DE RIVIERA FAYA;CSU
COCODY;CENTRE HOSPITALIER UNIVERSITAIRE D'ANGRE;CHU
COCODY;CENTRE HOSPITALIER UNIVERSITAIRE DE COCODY;CHU
COCODY;CENTRE MEDICAL DE L'ECOLE NORMALE DE STATISTIQUE ET D'ECONOMIE APPLIQUEE (ENSEA);CMS
COCODY;CENTRE MEDICAL DE L'INFS;CMS
COCODY;CENTRE MEDICAL DE LA SODEFOR;CMS
COCODY;CENTRE MEDICAL DES ARMEES 1er BCP AKOUEDO ANCIEN CAMP;MIL
COCODY;CENTRE MEDICAL DES DOUANES;CMS
COCODY;CENTRE MEDICAL DU BNETD;CMS
COCODY;CENTRE MEDICO-SOCIAL DE L'UNIVERSITE FELIX HOUPHOUET BOIGNY DE COCODY;CMS
COCODY;CREMOSS COCODY ANGRE;CMS
COCODY;FORMATION SANITAIRE URBAINE A BASE COMMUNAUTAIRE NIMATOULLAH;FSU
COCODY;FORMATION SANITAIRE URBAINE DE COCODY (DISPENSAIRE DE COCODY + PMI DE COCODY);DISP
COCODY;HOTEL MEDICAL FEH KESSE DES IMPOTS;CMS
COCODY;SERVICE DE SANTE DES ARMEES-FORCES SPECIALES DE COCODY;MIL
COCODY;SERVICE DE SANTE SCOLAIRE ET UNIVERSITAIRE SERVICE ADOLESCENT JEUNES DE COCODY;SSSU
COCODY;SERVICE DE SANTE SCOLAIRE ET UNIVERSITAIRE-SERVICE ADOLESCENT JEUNES DE L'INSAAC;SSSU
COCODY;SERVICE MEDICAL DE LA CNRA COCODY;CMS
COCODY;SERVICE MEDICAL DE LA RTI;CMS
COCODY;SERVICE MEDICO SOCIAL DE L'ENA;CMS
COCODY;SERVICE MEDICO SOCIAL DE LA SODEMI;CMS
COCODY;SOTRA COCODY;CMS
COCODY;SSSU-SAJ DU CROU DE L'UNIVERSITE FHB DE COCODY;SSSU
DABADOUGOU;CENTRE DE SANTE RURAL DE DABADOUGOU;CSR
DABADOUGOU MAFELE;CENTRE DE SANTE RURAL DABADOUGOU MAFELE;CSR
DABAKALA;HÔPITAL GENERAL DE DABAKALA;HG
DABAKALA;SERVICE DE SANTE SCOLAIRE ET UNIVERSITAIRE SERVICE ADOLESCENT JEUNES DE DABAKALA;SSSU
DABOU;CENTRE DE SANTE URBAIN D'IRA;CSU
DABOU;HÔPITAL GENERAL DE DABOU;HG
DABOU;HÔPITAL METHODISTE DE DABOU;HOP
DABOU;INFIRMERIE MAC-DABOU ( PRISON CIVILE);CMS
DABOU;POUPONNIERE DE DABOU;AUT
DABOUNGO;CENTRE DE SANTE RURAL DE DABOUNGO;CSR
DABOUYO;CENTRE DE SANTE URBAIN DE DABOUYO;CSU
DADEGUHE;CENTRE DE SANTE RURAL DE DADEGUHE;CSR
DADIASSE;CENTRE DE SANTE RURAL DE DADIASSE;CSR
DAHIEPA-KEHI;CENTRE DE SANTE RURAL DE DAHIEPA-KEHI;CSR
DAHIRA 2;DISPENSAIRE RURAL DE DAHIRA 2;DISP
DAHIRI;CENTRE DE SANTE URBAIN DE DAHIRI;CSU
DAIRO-DIDIZO;CENTRE DE SANTE URBAIN DE DAIRO DIDIZO;CSU
DALEU;CENTRE DE SANTE URBAIN DE DALEU;CSU
DALIGUEPA;CENTRE DE SANTE RURAL DE DALIGUEPA;CSR
DALILIE;CENTRE DE SANTE RURAL DE DALILIE;CSR
DALOA;2eme LEGION GENDARMERIE DE DALOA;MIL
DALOA;CENTRE DE SANTE DE LA POLICE DE DALOA;MIL
DALOA;CENTRE DE SANTE DES ARMEES;MIL
DALOA;CENTRE DE SANTE URBAIN GARAGES DE DALOA;CSU
DALOA;CENTRE HOSPITALIER REGIONAL DE DALOA;CHR
DALOA;CENTRE MEDICAL DES ARMEES 2ème BATAILLON DE DALOA;MIL
DALOA;CREMOSS DE DALOA;CMS
DALOA;DISPENSAIRE CATHOLIQUE NOTRE DAME DE LA PROVIDENCE;DISP
DALOA;DISPENSAIRE URBAIN DE DALOA;DISP
DALOA;MATERNITE MUNICIPALE DE DALOA;MAT
DALOA;PMI DE DALOA;PMI
DALOA;SERVICE DE SANTE SCOLAIRE ET UNIVERSITAIRE-SERVICE ADOLESCENT JEUNES DE DALOA;SSSU
DALOA;SSSU-SAJ CROU DE L'UNIVERSITE JEAN LORIGNON GUEDE;SSSU
DAME;CENTRE DE SANTE URBAIN DE DAME;CSU
DANANE;CENTRE DE SANTE URBAIN DE DANANE;CSU
DANANE;HÔPITAL GENERAL DE DANANE;HG
DANANON;CENTRE DE SANTE RURAL DE DANANON;CSR
DANIA;CENTRE DE SANTE URBAIN DE DANIA;CSU
DANOA;CENTRE DE SANTE RURAL DE DANOA;CSR
DAOUKRO;CREMOSS DE DAOUKRO;CMS
DAOUKRO;HÔPITAL GENERAL DE DAOUKRO;HG
DAOUKRO;PMI DE DAOUKRO;PMI
DAPEOUA;CENTRE DE SANTE RURAL DE DAPEOUA;CSR
DAPKADOU;CENTRE DE SANTE URBAIN DE DAKPADOU;CSU
DAR ES SALAM;SERVICE DE SANTE SCOLAIRE ET UNIVERSITAIRE-SERVICE ADOLESCENT JEUNES DE BOUAKE 3;SSSU
DARAKOKAHA;CENTRE DE SANTE RURAL DE DARAKOKAHA;CSR
DASSIOKO;CENTRE DE SANTE RURAL DE DASSIOKO;CSR
DASSOUNGBOHO;CENTRE DE SANTE RURAL DE DASSOUNGBOHO;CSR
DEBETE;CENTRE DE SANTE URBAIN DE DEBETE;CSU
DEBRIMOU;CENTRE DE SANTE URBAIN DE DEBRIMOU;CSU
DEDIAFLA;CENTRE DE SANTE RURAL DE DEDIAFLA;CSR
DEGAULLEKRO;DISPENSAIRE RURAL DE DEGAULLEKRO;DISP
DEKAFOUDOUGOU;CENTRE DE SANTE RURAL DE KAFOUDOUGOU BAMBARASSO;CSR
DELBO 2;CENTRE DE SANTE URBAIN DE DELBO 2;CSU
DEMELEKOUKRO;CENTRE DE SANTE RURAL DE MELEKOUKRO;CSR
DENGBE PEPRESSOU;FORMATION SANITAIRE URBAINE DE PEPRESSOU;FSU
DERAHOUAN;CENTRE DE SANTE RURAL DE DERAHOUAN;CSR
DIABO;CENTRE DE SANTE URBAIN DE DIABO;CSU
DIABOUO;CENTRE DE SANTE RURAL DE DIABOUO;CSR
DIAHOUIN;CENTRE DE SANTE RURAL DE DIAHOUIN;CSR
DIALAKORO;CENTRE DE SANTE RURAL DE DIALAKORO;CSR
DIAMAKANI;CENTRE DE SANTE RURAL DE DIAMAKANI;CSR
DIAMARAKRO;CENTRE DE SANTE URBAIN DE DIAMARAKRO;CSU
DIAMBA;CENTRE DE SANTE URBAIN DE DIAMBA;CSU
DIANRA;HÔPITAL GENERAL DE DIANRA;HG
DIARABANA;CENTRE DE SANTE URBAIN DE DIARABANA;CSU
DIASSA;DISPENSAIRE RURAL DE DIASSA;DISP
DIAWALA;CENTRE DE SANTE URBAIN DE DIAWALA;CSU
DIBY;CENTRE DE SANTE RURAL DE DIBY;CSR
DIDA MOUESSOU;DISPENSAIRE RURAL DE DIDA MOUESSOU;DISP
DIDIA;CENTRE DE SANTE URBAIN DE DIDIA;CSU
DIDIEVI;HÔPITAL GENERAL DE DIDIEVI;HG
DIDOKO;CENTRE DE SANTE URBAIN DE DIDOKO;CSU
DIEDOU-PAMBASSO;CENTRE DE SANTE RURAL DE DIEDOU-PAMBASSO;CSR
DIEGONEFLA;CENTRE DE SANTE URBAIN DE DIEGONEFLA;CSU
DIEKADIOKRO;DISPENSAIRE RURAL DE DIEKADIOKRO;DISP
DIEOUZON;CENTRE DE SANTE URBAIN DE DIEOUZON;CSU
DIGBAPIA;CENTRE DE SANTE RURAL DE DIGBAPIA;CSR
DIGNAGO;CENTRE DE SANTE URBAIN DE DIGNAGO;CSU
DIKODOUGOU;HÔPITAL GENERAL DE DIKODOUGOU;HG
DIMANDOUGOU;CENTRE DE SANTE URBAIN DE DIMANDOUGOU;CSU
DIMBOKRO;CENTRE DE SANTE DES ARMEES DE DIMBOKRO;MIL
DIMBOKRO;CENTRE DE SANTE URBAIN PRISON CIVILE DE DIMBOKRO;CSU
DIMBOKRO;CENTRE HOSPITALIER REGIONAL DE DIMBOKRO;CHR
DIMBOKRO;PMI DE DIMBOKRO;PMI
DIMBOKRO;SERVICE DE SANTE SCOLAIRE ET UNIVERSITAIRE-SERVICE ADOLESCENT JEUNES DE DIMBOKRO;SSSU
DIOMAN;CENTRE DE SANTE RURAL DE DIOMAN;CSR
DIOULATIEDOUGOU;CENTRE DE SANTE URBAIN DE DIOULATIEDOUGOU;CSU
DIVO;CENTRE DE SANTE NOTRE DAME DES APOTRES DE DIVO;CS
DIVO;CENTRE HOSPITALIER REGIONAL DE DIVO;CHR
DIVO;DISPENSAIRE URBAIN DE DIVO;DISP
DJAMADIOKE;CENTRE DE SANTE RURAL DE DJAMADIOKE;CSR
DJANGOKRO;CENTRE DE SANTE URBAIN DE DJANGOKRO;CSU
DJEBONOUA;CENTRE DE SANTE URBAIN DE DJEBONOUA;CSU
DJEKANOU;HÔPITAL GENERAL DE DJEKANOU;HG
DJEMISSIKRO;CENTRE DE SANTE RURAL DE DJEMISSIKRO;CSR
DJENEDOUFLA;CENTRE DE SANTE RURAL DE DJENEDOUFLA;CSR
DJIBROSSO;CENTRE DE SANTE URBAIN DE DJIBROSSO;CSU
DJIDJI;CENTRE DE SANTE URBAIN DE DJIDJI;CSU
DJOUROUTOU;CENTRE DE SANTE URBAIN DE DJOUROUTOU;CSU
DOBA;CENTRE DE SANTE URBAIN DE DOBA;CSU
DODOUGNOA;DISPENSAIRE RURAL DE DODOUGNOA;DISP
DOGBO;CENTRE DE SANTE URBAIN DE DOGBO;CSU
DOHIRIGUEKAHA;CENTRE DE SANTE RURAL DE DOHIRIGUEKAHA;CSR
DOKE;CENTRE DE SANTE URBAIN DE DOKE;CSU
DOROPO;CENTRE MEDICAL MISSION PROTESTANTE BAPTISTE DE DOROPO;CMS
DOROPO;HÔPITAL GENERAL DE DOROPO;HG
DOUGBA;DISPENSAIRE RURAL DE DOUGBA;DISP
DOUGROUPALEGNOA;CENTRE DE SANTE RURAL DE DOUGROUPALEGNOA;CSR
DOUKOUYO;CENTRE DE SANTE RURAL DE DOUKOUYO;CSR
DUALLA;CENTRE DE SANTE URBAIN DE DUALLA;CSU
DUBAI;CENTRE DE SANTE URBAIN DE DUBAÏ;CSU
DUEKOUE;CENTRE DE SANTE URBAIN DE KOKOMAN;CSU
DUEKOUE;CENTRE MEDICO SOCIAL THANRY DE DUEKOUE;CMS
DUEKOUE;HÔPITAL GENERAL DE DUEKOUE;HG
DUEKOUE;PMI DE DUEKOUE;PMI
DUEKOUE;SERVICE DE SANTE SCOLAIRE ET UNIVERSITAIRE-SERVICE ADOLESCENT JEUNES DE DUEKOUE;SSSU
DUFFREBO;CENTRE DE SANTE URBAIN DE DUFFREBO;CSU
DUOKRO;DISPENSAIRE RURAL DE DUOKRO;DISP
EBIKRO N'DAKRO;CENTRE DE SANTE RURAL D'EBIKRO N'DAKRO;CSR
EBILASSOKRO;CENTRE DE SANTE URBAIN D'EBILASSOKRO;CSU
EBIMPE;CENTRE DE SANTE RURAL EBIMPE;CSR
EBOKO;CENTRE DE SANTE RURAL DE EBOKO;CSR
EBOUE;CENTRE DE SANTE RURAL D'EBOUE;CSR
EBOUNOU;CENTRE DE SANTE URBAIN D'EBOUNOU;CSU
EBRAH;CENTRE DE SANTE RURAL DE EBRAH;CSR
EDJAMBO;CENTRE DE SANTE RURAL DE EDJAMBO;CSR
EHUASSO;CENTRE DE SANTE RURAL D'EHUASSO;CSR
ELEHOBABO;CENTRE DE SANTE RURAL DE ELEHOBABO;CSR
ELEVI;CENTRE DE SANTE RURAL ELEVI;CSR
ELINSO;CENTRE DE SANTE RURAL INTEGRE D'ELINSO;CSR
ELLIBOU;CENTRE DE SANTE RURAL ELIBOU;CSR
EPLEMLAN;CENTRE DE SANTE RURAL D'EPLÉMLAN;CSR
ESSIKRO;CENTRE DE SANTE RURAL D'ESSIKRO;CSR
ETICOON;CENTRE DE SANTE RURAL D'ETICOON;CSR
ETTROKRO;CENTRE DE SANTE URBAIN D'ETTROKRO;CSU
ETUEBOUE;CENTRE DE SANTE URBAIN ETUEBOUE;CSU
ETUESSIEKA;CENTRE DE SANTE RURAL D'ETUESSIEKA;CSR
FACOBLY;CENTRE DE SANTE URBAIN DE FACOBLY;CSU
FADJADOUGOU;CENTRE DE SANTE URBAIN DE FADIADOUGOU;CSU
FAGNAMPLEU;DISPENSAIRE RURAL DE FAGNAMPLEU;DISP
FAMIENKRO;CENTREDE SANTE URBAIN DE FAMIENKRO;CSU
FARAKORO-BADA;CENTRE DE SANTE RURAL DE FARAKORO-BADA;CSR
FENGOLO;CENTRE DE SANTE RURAL DE FENGOLO;CSR
FENGOLO;CENTRE DE SANTE URBAIN DE FENGOLO;CSU
FERENTELLA;CENTRE DE SANTE URBAIN DE FERENTELLA;CSU
FERKE;CENTRE MEDICO-SOCIAL DE SUCAF 2;CMS
FERKESSEDOUGOU;CENTRE DE SANTE URBAIN DOMINIQUE OUATTARA DE FERKESSEDOUGOU;CSU
FERKESSEDOUGOU;CENTRE MEDICO SOCIAL CNRA FERKESSEDOUGOU;CMS
FERKESSEDOUGOU;CENTRE MEDICO SOCIAL SUCAF 1 DE FERKESSEDOUGOU;CMS
FERKESSEDOUGOU;HÔPITAL BAPTISTE DE FERKESSEDOUGOU;HOP
FERKESSEDOUGOU;HÔPITAL GENERAL DE FERKESSEDOUGOU;HG
FERKESSEDOUGOU;PMI DE FERKESSEDOUGOU;PMI
FERKESSEDOUGOU;SERVICE DE SANTE SCOLAIRE ET UNIVERSITAIRE SERVICE ADOLESCENT JEUNES DE FERKESSEDOUGOU;SSSU
FOBEDOUGOU;DISPENSAIRE RURAL DE FOBEDOUGOU;DISP
FODIO;CENTRE DE SANTE RURAL DE FODIO;CSR
FODIOLOKAHA;CENTRE DE SANTE RURAL DE FODIOLOKAHA;CSR
FORONA;DISPENSAIRE RURAL DE FORONA;DISP
FOUMBOLO;CENTRE DE SANTE URBAIN DE FOUMBOLO;CSU
FOUNGBESSO;CENTRE DE SANTE URBAIN DE FOUNGBESSO;CSU
FRESCO;HÔPITAL GENERAL DE FRESCO;HG
GABAGUHE;DISPENSAIRE RURAL DE GABAGUHE;DISP
GABIA;CENTRE DE SANTE RURAL DE GABIA;CSR
GABIADJI;CENTRE DE SANTE URBAIN DE GABIADJI;CSU
GABIADJI;CENTRE MEDICO-SOCIAL COOPAGA;CMS
GADAGO;DISPENSAIRE RURAL GADAGO;DISP
GADOUAN;CENTRE DE SANTE URBAIN DE GADOUAN;CSU
GAGNOA;CENTRE ANTI-TUBERCULEUX DE GAGNOA;CAT
GAGNOA;CENTRE DE SANTE URBAIN DE GAGNOA;CSU
GAGNOA;CENTRE HOSPITALIER REGIONAL DE GAGNOA;CHR
GAGNOA;DISPENSAIRE URBAIN DE GAGNOA;DISP
GAGNOA;HÔPITAL GENERAL DE GAGNOA;HG
GAGNOA;PMI DE GAGNOA;PMI
GAGORE;CENTRE DE SANTE URBAIN DE GAGORE;CSU
GAHOULOU;CENTRE DE SANTE RURAL DE GAHOULOU;CSR
GALEBRE;CENTRE DE SANTE URBAIN DE GALEBRE;CSU
GAMA;CENTRE DE SANTE RURAL DE GAMA;CSR
GAMINA;CENTRE DE SNTE URBAIN DE GAMINA;CSU
GANAONI;CENTRE DE SANTE URBAIN DE GANAONI;CSU
GANHOUE;CENTRE DE SANTE URBAIN DE GANHOUE;CSU
GAZIBOUO;CENTRE DE SANTE RURAL DE GAZIBOUO;CSR
GBAGBAM;CENTRE DE SANTE URBAIN DE GBAGBAM;CSU
GBALOKUYO;CENTRE DE SANTE RURAL DE GBALOKUYA;CSR
GBAN-HOUYE;CENTRE DE SANTE URBAIN DE GBAN-HOUYE;CSU
GBANGBEGOUINE YATI;CENTRE DE SANTE RURAL DE GBANGBEGOUINE YATI;CSR
GBANGBO-N'DAKRO;CENTRE DE SANTE RURAL DE GBANGBO N'DAKRO;CSR
GBANHUI;CENTRE DE SANTE RURAL DE GBANHUI;CSR
GBAPLEU;CENTRE DE SANTE URBAIN DE GBAPLEU;CSU
GBEGBESSOU;CENTRE DE SANTE URBAIN DE GBEGBESSOU;CSU
GBELEBAN;HÔPITAL GENERAL DOMINIQUE OUATTARA DE GBELEBAN;HG
GBELO;CENTRE DE SANTE RURAL DE GBELO;CSR
GBELO;DISPENSAIRE RURAL DE GBELO;DISP
GBEMAZO;CENTRE DE SANTE RURAL DE GBEMAZO;CSR
GBESSE;DISPENSAIRE RURAL DE GBESSE;DISP
GBETOGO;CENTRE DE SANTE RURAL DE GBETOGO;CSR
GBOGOLO;CENTRE DE SANTE RURAL DE GBOGOLO;CSR
GBOGUHE;CENTRE DE SANTE URBAIN DE GBOGUHE;CSU
GBOHUA;CENTRE DE SANTE RURAL DE GBOHUA;CSR
GBOLO;CENTRE DE SANTE URBAIN DE GBOLO;CSU
GBON;CENTRE DE SANTE URBAIN DE GBON;CSU
GBONGAHA;CENTRE DE SANTE RURAL DE GBONGAHA;CSR
GBONNE;CENTRE DE SANTE URBAIN DE GBONNE;CSU
GBONOU;CENTRE DE SANTE RURAL DE GBONOU-CARREFOUR;CSR
GBONZORO;DISPENSAIRE RURAL DE GBONZORO;DISP
GLOPLOU;CENTRE DE SANTE RURAL DE GLOPLOU;CSR
GNAGBODOUGNOA;CENTRE DE SANTE URBAIN DE GNAGBODOUGNOA;CSU
GNAGO 1;CENTRE DE SANTE RURAL DE GNAGO 1;CSR
GNALELEKAHA;CENTRE DE SANTE RURAL DE GNALELEKAHA;CSR
GNAMANGUI;CENTRE DE SANTE URBAIN DE GNAMANGUI;CSU
GNIGBAWA;CENTRE DE SANTE INTEGRE DE GNIGBAWA;CS
GNIPI 2;CENTRE DE SANTE RURAL DE GNIPI 2;CSR
GNITITOUADJI;CENTRE DE SANTE RURAL DE GNITITOUADJI;CSR
GNOBGOYO;CENTRE DE SANTE RURAL DE GNOGBOYO;CSR
GOBAZRA;CENTRE DE SANTE RURAL DE GOBAZRA;CSR
GOGO;CENTRE DE SANTE URBAIN DE GOGO;CSU
GOGOGUHE;CENTRE DE SANTE RURAL DE GOGOGUHE;CSR
GOHITAFLA;CENTRE DE SANTE URBAIN DE GOHITAFLA;CSU
GOHOUO ZAGNA;CENTRE DE SANTE RURAL DE GOHOUO ZAGNA;CSR
GOLIHOA;CENTRE DE SANTE RURAL DE GOLIHOA;CSR
GOMON;CENTRE DE SANTE URBAIN DE GOMON;CSU
GONATE;CENTRE DE SANTE URBAIN DE GONATE;CSU
GOTONGOUINE 1;CENTRE DE SANTE RURAL DE GOTONGOUINE1;CSR
GOUDOUKO;CENTRE DE SANTE URBAIN DE GOUDOUKO;CSU
GOULALEU;CENTRE DE SANTE URBAIN DE GOULALEU;CSU
GOULIA;CENTRE DE SANTE URBAIN DE GOULIA;CSU
GOUMERE;CENTRE DE SANTE URBAIN DE GOUMERE;CSU
GRABO;CENTRE DE SANTE URBAIN INTEGRE DE GRABO;CSU
GRAND BASSAM;CENTRE DE SANTE URBAIN CAFOP 2 DE GRAND-BASSAM;CSU
GRAND BASSAM;CENTRE REGIONAL A LA LUTTE CONTRE LA DROGUE;AUT
GRAND BASSAM;DISPENSAIRE URBAIN DE GRAND-BASSAM;DISP
GRAND BASSAM;HÔPITAL GENERAL DE GRAND-BASSAM;HG
GRAND BASSAM;PMI DE GRAND-BASSAM;PMI
GRAND BASSAM;SERVICE DE SANTE SCOLAIRE ET UNIVERSITAIRE SERVICE ADOLESCENT JEUNES DE GRAND BASSAM;SSSU
GRAND BEREBY;CENTRE DE SANTE URBAIN DE GRAND BEREBY;CSU
GRAND BEREBY;CENTRE MEDICAL SOGB;CMS
GRAND GBAPLEU;CENTRE DE SANTE URBAIN DE GRAND GBAPLEU;CSU
GRAND-LAHOU;CENTRE MEDICO SOCIAL YOCOBOUE PALMCI;CMS
GRAND-LAHOU;HOPITAL GENERAL DE GRAND-LAHOU;HG
GRAND-LAHOU;SERVICE DE SANTE SCOLAIRE ET UNIVERSITAIRE-SERVICE ADOLESCENT JEUNES DE GRAND-LAHOU;SSSU
GRAND-YAPO;CENTRE DE SANTE RURAL GRAND-YAPO;CSR
GRAND-ZATTRY;CENTRE DE SANTE URBAIN DE GRAND ZATTRY;CSU
GREGBEU;CENTRE DE SANTE URBAIN DE GREGBEU;CSU
GRIPAZO;DISPENSAIRE RURAL DE GRIPAZO;DISP
GROUMANIA;CENTRE DE SANTE RURAL DE GROUMANIA;CSR
GUEHIEBLY;CENTRE DE SANTE URBAIN DE GUEHIEBLY;CSU
GUEMENEDOU;CENTRE DE SANTE RURAL DE GUEMENEDOU;CSR
GUEPAHOUO;CENTRE DE SANTE URABIN DE GUEPAHOUO;CS
GUESSABO;CENTRE DE SANTE URBAIN DE GUESSABO;CSU
GUESSIGUIE;CENTRE DE SANTE URBAIN DE GUESSIGUIE;CSU
GUESSIHIO;CENTRE DE SANTE RURAL DE GUESSIHIO;CSR
GUEYO;HÔPITAL GENERAL DE GUEYO;HG
GUEZON;CENTRE DE SANTE URBAIN DE GUEZON;CSU
GUIBEROUA;CENTRE DE SANTE RURAL DE BASSEHOA;CSR
GUIBEROUA;CENTRE DE SANTE RURAL DE BELIEHOUA;CSR
GUIBEROUA;CENTRE DE SANTE RURAL DE BOUGROU;CSR
GUIBEROUA;CENTRE DE SANTE RURAL DE BRIHI;CSR
GUIBEROUA;CENTRE DE SANTE RURAL DE DJEDJEDIGBEUPA;CSR
GUIBEROUA;CENTRE DE SANTE RURAL DE DRAYO-DAGNOA;CSR
GUIBEROUA;CENTRE DE SANTE RURAL DE DRIBOUO;CSR
GUIBEROUA;CENTRE DE SANTE RURAL DE GAZAHIO;CSR
GUIBEROUA;CENTRE DE SANTE RURAL DE GNALIEPA;CSR
GUIBEROUA;CENTRE DE SANTE RURAL DE GNATROA;CSR
GUIBEROUA;CENTRE DE SANTE RURAL DE GOPA-METEPA;CSR
GUIBEROUA;CENTRE DE SANTE RURAL DE GRAND ZIA LEGROA;CSR
GUIBEROUA;CENTRE DE SANTE RURAL DE KPOGROBOUO;CSR
GUIBEROUA;CENTRE DE SANTE RURAL DE NAGADOUKOU;CSR
GUIBEROUA;CENTRE DE SANTE RURAL DE ONDJAHIO;CSR
GUIBEROUA;CENTRE DE SANTE RURAL DE OTTEHOA;CSR
GUIBEROUA;CENTRE DE SANTE RURAL DE ZIPLIGNAN;CSR
GUIBEROUA;CENTRE DE SANTE URBAIN DE GUIBEROUA;CSU
GUIBOUO;CENTRE DE SANTE RURAL DE GUIBOUO;CSR
GUIEMBE;CENTRE DE SANTE URBAIN DE GUIEMBE;CSU
GUIENDE;CENTRE DE SANTE RURAL GUIENDE;CSR
GUIGLO;CENTRE DE SANTE DES ARMEES CORPS DE TROUPE DE LA GENDARMERIE DE GUIGLO;MIL
GUIGLO;CENTRE HOSPITALIER REGIONAL DE GUIGLO;CHR
GUIGLO;PMI DE GUIGLO;PMI
GUIGLO;SERVICE DE SANTE SCOLAIRE ET UNIVERSITAIRE-SERVICE ADOLESCENT JEUNES DE GUIGLO;SSSU
GUINGLO-GUEZON;CENTRE DE SANTE RURAL DE GUINGLO-GUEZON;CSR
GUINGLO-TAHOUAKE;CENTRE DE SANTE URBAIN DE GUINGLO-TAHOUAKE;CSU
GUINKIN;CENTRE DE SANTE RURAL DE GUINKIN;CSR
GUINTEGUELA;CENTRE DE SANTE URBAIN GUINTEGUELA;CSU
GUITRY;HOPITAL GENERAL DE GUITRY;HG
GUITRY;PMI-CATHOLIQUE DE GUITRY;PMI
HERMANKONO GARO;CENTRE DE SANTE URBAIN DE HERMANKONO GARO;CSU
HIRE;CENTRE DE SANTE URBAIN DE HIRE;CSU
IBOGUHE;CENTRE DE SANTE URBAIN DE IBOGUHE;CSU
IGUELA;DISPENSAIRE RURAL DE IGUELA;DISP
IRHO LA ME;CENTRE DE SANTE RURAL DE IRHO LA ME;CSR
IRIEFLA;CENTRE DE SANTE RURAL DE IRIEFLA;CSR
ISSAKRO;CENTRE DE SANTE RURAL DE FAZIO ISSAKRO;CSR
ISSIA;DISPENSAIRE URBAIN HKB D'ISSIA;DISP
ISSIA;PMI DE ISSIA;PMI
ISSIA;SERVICE DE SANTE SCOLAIRE ET UNIVERSITAIRE-SERVICE ADOLESCENT JEUNES DE ISSIA;SSSU
JACQUEVILLE;HOPITAL GENERAL DE JACQUEVILLE;HG
JACQUEVILLE;SERVICE DE SANTE SCOLAIRE ET UNIVERSITAIRE-SERVICE ADOLESCENT JEUNES DE JACQUEVILLE;SSSU
KABALA;CENTRE DE SANTE RURAL DE KABALA;CSR
KACOUKRO;CENTRE DE SANTE RURAL DE KACOUKRO;CSR
KAFOLO-BAC;CENTRE DE SANTE RURAL KAFOLO-BAC;CSR
KAGBOLODOUGOU;CENTRE DE SANTE URBAIN DE KAGBOLOUDOUGOU;CSU
KAHANSO;CENTRE DE SANTE URBAIN DE KAHANSO;CSU
KAHIN-ZARABAON;CENTRE DE SANTE URBAIN DE KAHIN-ZARABAON;CSU
KAKOUKRO LIMITE;CENTRE DE SANTE RURAL DE KAKOUKRO LIMITE;CSR
KAKPIN;CENTRE DE SANTE RURAL DE KAKPIN;CSR
KALA KALA;CENTRE DE SANTE RURAL DE KALA KALA;CSR
KALAMON;CENTRE DE SANTE RURAL DE KALAMON;CSR
KALOA;CENTRE DE SANTE RURAL DE KALOA;CSR
KALTOUDOUO;CENTRE DE SANTE RURAL DE KALTOUDOUO;CSR
KAMALO;CENTRE DE SANTE URBAIN DE KAMALO;CSU
KAMASSELLA;CENTRE DE SANTE RURAL DE KAMASSELLA;CSR
KANAKONO;CENTRE DE SANTE URBAIN DE KANAKONO;CSU
KANANGONON;CENTRE DE SANTE RURAL DE KANANGONON;CSR
KANGAGUI;CENTRE DE SANTE RURAL DE KANGAGUI;CSR
KANGANDI;CENTRE DE SANTE URBAIN DE KANGANDI;CSU
KANI;HÔPITAL GENERAL DE KANI;HG
KANIASSO;HÔPITAL GENERAL DE KANIASSO;HG
KANOROBA;CENTRE DE SANTE URBAIN DE KANOROBA;CSU
KANTARA;CENTRE DE SANTE RURAL-DISPENSAIRE DE KANTARA;CSR
KANZRA;CENTRE DE SANTE URBAIN DE KANZRA;CSU
KAOVANA;CENTRE DE SANTE URBAIN DE KAOUARA;CSU
KARABIRI;CENTRE DE SANTE RURAL DE KARABIRI;CSR
KARAKORO;CENTRE DE SANTE URBAIN DE KARAKORO;CSU
KASSASSO;CENTRE DE SANTE RURAL KASSASSO;CSR
KASSERE;CENTRE DE SANTE URBAIN DE KASSERE;CSU
KASSIONGOKORO;CENTRE DE SANTE RURAL DE KASSIONGOKORO;CSR
KATADJI;CENTRE DE SANTE RURAL KATADJI;CSR
KATCHIENOU;DISPENSAIRE RURAL DE KATCHIENOU;DISP
KATIA;CENTRE DE SANTE RURAL DE KATIA;CSR
KATIALI;CENTRE DE SANTE URBAIN DE KATIALI;CSU
KATIMANSOU;CENTRE DE SANTE RURAL DE KATIMANSOU;CSR
KATIOLA;CENTRE DE SANTE URBAIN DE FRONAN;CSU
KATIOLA;CENTRE DE SANTE URBAIN DE TIMBE;CSU
KATIOLA;CENTRE HOSPITALIER REGIONAL DE KATIOLA;CHR
KATIOLA;PMI DE KATIOLA;PMI
KATIOLA;SERVICE DE SANTE SCOLAIRE ET UNIVERSITAIRE-SERVICE ADOLESCENT JEUNES DE KATIOLA;SSSU
KATO;CENTRE DE SANTE RURAL DE KATO;CSR
KATOGO;CENTRE DE SANTE URBAIN DE KATOGO;CSU
KAYETA;CENTRE DE SANTE RURAL DE KAYETA;CSR
KEKERENI;CENTRE DE SANTE RURAL DE KEKERENI;CSR
KENEGBE NORD;DISPENSAIRE RURAL DE KENEGBE NORD;DISP
KETESSO;CENTRE DE SANTE URBAIN KETESSO;CSU
KIBOUO;DISPENSAIRE RURAL DE KIBOUO;DISP
KIEMOU;CENTRE DE SANTE RURAL DE KIEMOU;CSR
KIMBIRILA-NORD;CENTRE DE SANTE URBAIN DE KIMBIRILA-NORD;CSU
KIMBIRILA-SUD;CENTRE DE SANTE RURAL DE KIMBIRILA-SUD;CSR
KOFFI-AMONKRO;CENTRE DE SANTE URBAIN DE KOFFI AMONKRO;CSU
KOFFISSIOKAHA;CENTRE DE SANTE RURAL DE KOFFISSIOKAHA;CSR
KOGBERA;DIPENSAIRE RURAL DE KOGBERA;DISP
KOITIENKRO;CENTRE DE SANTE RURAL DE KOITIENKRO;CSR
KOKOMIAN;CENTRE DE SANTE URBAIN DE KOKOMIAN;CSU
KOKUMBO;CENTRE DE SANTE URBAIN DE KOKUMBO;CSU
KOLIA;CENTRE DE SANTE URBAIN DE KOLIA;CSU
KOLIBO;CENTRE DE SANTE URBAIN DE KOLIBO;CSU
KOLON;CENTRE DE SANTE RURAL DE KOLON;CSR
KOMBOLOKOURA;CENTRE DE SANTE URBAIN DE KOMBOLOKOURA;CSU
KOMBORODOUGOU;CENTRE DE SANTE URBAIN DE KOMBORODOUGOU;CSU
KONADIKRO;CENTRE DE SANTE RURAL DE KONANDIKRO;CSR
KONAN KOKOREKRO;CENTRE DE SANTE RURAL DE KONAN KOKOREKRO;CSR
KONAN-N'DAKRO;CENTRE DE SANTE RURAL DE KONANDI N'DAKRO;CSR
KONANKRO MIZRON;CENTRE DE SANTE RURAL DE KONANKRO MIZRON;CSR
KONDROBO;CENTRE DE SANTE URBAIN DE KONDROBO;CSU
KONEDOUGOU;CENTRE DE SANTE RURAL DE KONEDOUGOU;CSR
KONG;HÔPITAL GENERAL DE KONG;HG
KONGASSO;CENTRE DE SANTE URBAIN DE KONGASSO;CSU
KONGOBO;CENTRE DE SANTE RURAL DE KONGOBO;CSR
KONGOTI;CENTRE DE SANTE RURAL DE KONGOTI;CSR
KONGOUANOU;CENTRE DE SANTE RURAL DE KONGOUANOU;CSR
KONI;CENTRE DE SANTE RURAL DE KONI;CSR
KONONFLA;CENTRE DE SANTE URBAIN DE KONONFLA;CSU
KOONAN;CENTRE DE SANTE URBAIN DE KOONAN;CSU
KOREAHINOU;CENTRE DE SANTE RURAL DE KOREAHINOU;CSR
KOREGUHE;DISPENSAIRE RURALE DE KOREGUHE;DISP
KORHOGO;AIBEF DE KORHOGO;AUT
KORHOGO;CENTRE DE SANTE DES ARMEES 4eme BATAILLON DE KORHOGO;MIL
KORHOGO;CENTRE DE SANTE DES ARMEES 4eme LEGION GENDARMERIE DE KORHOGO;MIL
KORHOGO;CENTRE DE SANTE DES ARMEES 6eme COMPAGNIE GSPM DE KORHOGO;MIL
KORHOGO;CENTRE DE SANTE URBAIN DE PETIT PARIS DE KORHOGO;CSU
KORHOGO;CENTRE DE SANTE URBAIN DELAFOSSE DE KORHOGO;CSU
KORHOGO;CENTRE DE SANTE URBAIN KOKO TON DE KORHOGO;CSU
KORHOGO;CENTRE DE SANTE URBAIN-DISPENSAIRE PUBLIC DE KORHOGO;CSU
KORHOGO;CENTRE HOSPITALIER REGIONAL KORHOGO;CHR
KORHOGO;CREMOSS KORHOGO;CMS
KORHOGO;PMI DE KORHOGO;PMI
KORHOGO;SERVICE DE SANTE SCOLAIRE ET UNIVERSITAIRE-SERVICE ADOLESCENT JEUNES DE KORHOGO;SSSU
KORHOGO;SSSU-SAJ CROU DE L'UNIVERSITE PELEFORO GON COULIBALY;SSSU
KORO;HÔPITAL GENERAL DE KORO;HG
KOROBO;CENTRE DE SANTE RURAL DE KOROBO;CSR
KOROKOPLA;CENTRE DE SANTE RURAL DE KOROKOPLA;CSR
KORONANI;CENTRE DE SANTE RURAL DE KORONANI;CSR
KOSSEHOA;CENTRE DE SANTE RURAL DE KOSSEHOA;CSR
KOSSIHOUEN;CENTRE DE SANTE URBAIN KOSSIHOUEN;CSU
KOSSOU;CENTRE DE SANTE URBAIN DE KOSSOU;CSU
KOTABLIEOUA;DISPENSAIRE RURAL DE KOTABLIEOUA;DISP
KOTIESSOU;CENTRE DE SANTE RURAL DE KOTIESSOU;CSR
KOTOBI;DISPENSAIRE CONFESSIONNEL FOYER DE CHARITE KOTOBI;DISP
KOUA;CENTRE DE SANTE URBAIN DE KOUA;CSU
KOUADIOBLEKRO;CENTRE DE SANTE URBAIN DE KOUADIOBLEKRO;CSU
KOUAKOUSSEKRO;CENTRE DE SANTE RURAL DE KOUAKOUSSEKRO;CSR
KOUAKRO;CENTRE DE SANTE URBAIN DE KOUAKRO;CSU
KOUAMEFLA;CENTRE DE SANTE RURAL DE KOUAMEFLA;CSR
KOUAN HOULE;CENTRE DE SANTE URBAIN DE KOUAN HOULE;CSU
KOUASSI DATEKRO;CENTRE DE SANTE URBAIN DE KOUASSI DATEKRO;CSU
KOUASSI N'DAWA;CENTRE DE SANTE RURAL DE KOUASSI N'DAWA;CSR
KOUASSI SERANOU;DISPENSAIRE RURAL DE KOUASSI-SERANOU;DISP
KOUASSI-KOUASSIKRO;HÔPITAL GENERAL DE KOUASSI-KOUASSIKRO;HG
KOUASSIA-NIAGUINI;CENTRE DE SANTE URBAIN DE KOUASSIA-NIAGUINI;CSU
KOUASSIKRO;CENTRE DE SANTE RURAL DE KOUASSIKRO;CSR
KOUBAN;CENTRE DE SANTE URBAIN DE KOUBAN;CSU
KOUBEBO;DISPENSAIRE RURAL DE KOUBEBO;DISP
KOUDOULILIE;CENTRE DE SANTE URBAIN DE KOUDOULILIE;CSU
KOUETINFLA;CENTRE DE SANTE URBAIN DE KOUETINFLA;CSU
KOUIBLY;HÔPITAL GENERAL DE KOUIBLY;HG
KOUKOURANDOUMI;CENTRE DE SANTE RURAL DE KOUKOURANDOUMI;CSR
KOUMASSI;CENTRE DE SANTE DES ARMEES 4/1 KOUMASSI;MIL
KOUMASSI;CENTRE DE SANTE URBAIN A BASE COMMUNAUTAIRE DE KOUMASSI AKLOMIABLA;CSU
KOUMASSI;CENTRE DE SANTE URBAIN A BASE COMMUNAUTAIRE DE KOUMASSI DIVO;CSU
KOUMASSI;CENTRE DE SANTE URBAIN A BASE COMMUNAUTAIRE DE KOUMASSI PANGOLINS;CSU
KOUMASSI;CENTRE DE SANTE URBAIN COMMUNAUTAIRE DE KOUMASSI ZOE BRUNO;CSU
KOUMASSI;FORMATION SANITAIRE URBAINE A BASE COMMUNAUTAIRE DE KOUMASSI GRAND CAMPEMENT;FSU
KOUMASSI;HÔPITAL GENERAL DE KOUMASSI;HG
KOUMASSI;SERVICE DE SANTE SCOLAIRE ET UNIVERSITAIRE-SERVICE ADOLESCENT JEUNES DE KOUMASSI;SSSU
KOUMASSI;SOTRA DE KOUMASSI;CMS
KOUMBALA;CENTRE DE SANTE URBAIN DE KOUMBALA;CSU
KOUN FAO;HÔPITAL GENERAL DE KOUN-FAO;HG
KOUNAHIRI;HÔPITAL GENERAL DE KOUNAHIRI;HG
KOUNAHIRI;PMI DE KOUNAHIRI;PMI
KOUTO;HÔPITAL GENERAL DE KOUTO;HG
KOUTOUBA;CENTRE DE SANTE URBAIN DE KOTOUBA;CSU
KPADA;CENTRE DE SANTE RURAL DE KPADA;CSR
KPAFONON;CENTRE DE SANTE RURAL-DISPENSAIRE DE KPAFONON;CSR
KPANGBAMBO;CENTRE DE SANTE RURAL DE KPANGBAMBO;CSR
KPANGBANKRO;DISPENSAIRE RURAL DE KPANGBANKRO;DISP
KPAPEKOU;CENTRE DE SANTE RURAL DE KPAPEKOU;CSR
KPATA;CENTRE DE SANTE URBAIN DE KPATA;CSU
KPESSO;CENTRE DE SANTE RURAL KPESSO;CSR
KRAGBALILIE;CENTRE DE SANTE RURAL DE KRAGBALILIE;CSR
KRAGUI;DISPENSAIRE RURAL DE KRAGUI;DISP
KRAKRO-BOAHIA;CENTRE DE SANTE URBAIN DE KRAKRO (BOAHIA);CSU
KREGBE;CENTRE DE SANTE URBAIN DE KREGBE;CSU
KRINDJABO;CENTRE DE SANTE URBAIN DE KRINDJABO;CSU
KRIPAHIO;CENTRE DE SANTE RURAL DE KRIPAHIO;CSR
KROFOINSOU;CENTRE DE SANTE RURAL DE KROFOINSOU;CSR
KROUKRO MAFELE;CENTRE DE SANTE RURAL DE KROUKRO-MAFELE;CSR
KROUKROUBO;DISPENSAIRE RURAL DE KROUKROUBO;DISP
LABOKRO;CENTRE DE SANTE RURAL DE LABOKRO;CSR
LAHOUDA;CENTRE DE SANTE RURAL DE LAHOUDA;CSR
LAHOURIDOU;CENTRE DE SANTE RURAL DE LAHOURIDOU;CSR
LAKOTA;HÔPITAL GENERAL DE LAKOTA;HG
LALERABA;CENTRE DE SANTE RURAL DE LALERABA;CSR
LAMEKAHA 2;CENTRE DE SANTE RURAL DE LAMEKAHA 2;CSR
LANDIOUGOU;CENTRE DE SANTE RURAL DE LANDIOUGOU;CSR
LANGUIBONOU;CENTRE DE SANTE URBAIN DE LANGUIBONOU;CSU
LAOUDI-BA;CENTRE DE SANTE URBAIN DE LAOUDI-BA;CSU
LARABIA;CENTRE DE SANTE RURAL DE LARABIA;CSR
LATAHA;CENTRE DE SANTE URBAIN DE LATAHA;CSU
LAUZOUA;CENTRE DE SANTE URBAIN DE LAUZOUA;CSU
LEKIKRO;CENTRE DE SANTE RURAL DE LEKIKRO;CSR
LELEBLE;CENTRE DE SANTE RURAL DE LELEBLE;CSR
LELEBREKOUA;CENTRE DE SANTE RURAL DE LELEBREKOUA;CSR
LEOMIDOUO;DISPENSAIRE RURAL DE LEOMIDOUO;DISP
LILIYO;CENTRE DE SANTE RURAL DE LILIYO;CSR
LINGUEZAN;CENTRE DE SANTE RURAL DE LINGUEZAN;CSR
LOGBAKRO;CENTRE DE SANTE RURAL DE LOGBAKRO;CSR
LOGOBIA;CENTRE DE SANTE RURAL DE LOGOBIA;CSR
LOGOUALE;CENTRE DE SANTE URBAIN DE LOGOUALE;CSU
LOKAHA 2;CENTRE DE SANTE RURAL DE LOKAHA 2;CSR
LOLOBO;CENTRE DE SANTE URBAIN DE LOLOBO;CSU
LOMARA;CENTRE DE SANTE RURAL DE LOMARA;CSR
LOMOKANKRO;CENTRE DE SANTE URBAIN DE LOMOKANKRO;CSU
LOPOU;CENTRE DE SANTE URBAIN DE LOPOU;CSU
LOPOU;DISPENSAIRE RURAL CHRIST ROI DE LOPOU;DISP
LOUGBONOU;CENTRE DE SANTE RURAL DE LOUGBONOU;CSR
LOUKOUYAOKRO;CENTRE DE SANTE RURAL DE LOUKOUYAOKRO;CSR
LOULO;CENTRE DE SANTE RURAL DE LOULO;CSR
LOULOUDOU;DISPENSAIRE RURAL DE LOULOUDOU;DISP
LOVIGUIE;CENTRE DE SANTE URBAIN LOVIGUIE;CSU
LUEHOUAN;CENTRE DE SANTE RURAL DE LUHEOUAN;CSR
M'BAHIAKRO;HÔPITAL GENERAL DE M'BAHIAKRO;HG
M'BATTO;DISPENSAIRE RURAL D'ASSIE-AKPESSE DE M'BATTO;DISP
M'BATTO;HÔPITAL GENERAL DE M'BATTO;HG
M'BENGUE;HÔPITAL GENERAL DE M'BENGUE;HG
M'BERIE;CENTRE DE SANTE RURAL DISPENSAIRE M'BERIE;CSR
M'BONOUA;CENTRE DE SANTE RURAL DE M'BONOUA;CSR
M'BORLA DIOULASSO;CENTRE DE SANTE RURAL DE M'BORLA DIOULASSO;CSR
M'BRAGO 1;CENTRE DE SANTE RURAL M'BRAGO 1;CSR
M'BROME;DISPENSAIRE RURAL DE M'BROME;DISP
M'PODY;CENTRE DE SANTE RURAL DE M'PODY;CSR
MADIA;DISPENSAIRE RURAL DE MADIA;DISP
MADINA;CENTRE DE SANTE RURAL DE MADINA;CSR
MADINANI;HÔPITAL GENERAL DE MADINANI;HG
MAFERE;HOPITAL GENERAL DE MAFERE;HG
MAHANDIANA SOKOURANI;CENTRE DE SANTE URBAIN DE MAHANDIANA-SOKOURANI;CSU
MAHANDOUGOU;DISPENSAIRE RURAL DE MAHANDOUGOU;DISP
MAHAPLEU;CENTRE DE SANTE URBAIN DE MAHAPLEU;CSU
MAHIBOUO;CENTRE DE SANTE RURAL DE MAHIBOUO;CSR
MAHIEOUA;CENTRE DE SANTE RURAL DE MAHIEOUA;CSR
MAMINI;CENTRE DE SANTE RURAL DE MAMINI;CSR
MAMINIGUI;CENTRE DE SANTE URBAIN DE MAMINIGUI;CSU
MAN;CENTRE DE SANTE DES ARMEES BSO MAN;MIL
MAN;CENTRE DE SANTE DES ARMEES ESCADRON DE MAN;MIL
MAN;CENTRE DE SANTE URBAIN DE GBEPLEU-HKB;CSU
MAN;CENTRE DE SANTE URBAIN DE LIBREVILLE;CSU
MAN;CENTRE HOSPITALIER REGIONAL MAN;CHR
MAN;CREMOSS MAN;CMS
MAN;PMI DE MAN;PMI
MAN;SERVICE DE SANTE SCOLAIRE ET UNIVERSITAIRE SERVICE ADOLESCENT JEUNES DE MAN;SSSU
MANABRI;CENTRE DE SANTE RURAL DE MANANBRI;CSR
MANFLA;CENTRE DE SANTE RURAL DE MANFLA;CSR
MANKONO;HÔPITAL GENERAL DE MANKONO;HG
MANOGOTA;DISPENSAIRE RURAL DE MANOGOTA;DISP
MANZANOUAN;CENTRE DE SANTE RURAL DE MANZANOUAN;CSR
MAPAIX;CENTRE DE SANTE RURAL DE MAPAIX;CSR
MARABADJASSA;CENTRE DE SANTE URBAIN DE MARABADJASSA;CSU
MARCORY;CENTRE DE SANTE DES ARMEES DU GSPM ZONE 4;MIL
MARCORY;CENTRE DE SANTE URBAIN A BASE COMMUNAUTAIRE DE MARCORY ALIODAN NORD-EST;CSU
MARCORY;CENTRE MEDICAL DE LONACI;CMS
MARCORY;COMPLEXE COMMUNAL D'ACTION SOCIALE DE MARCORY;CMS
MARCORY;FORMATION SANITAIRE URBAINE A BASE COMMUNAUTAIRE DE MARCORY ANOUMABO;FSU
MARCORY;HÔPITAL GENERAL DE MARCORY;HG
MARCORY;INFIRMERIE DE L'INJS DE MARCORY;CMS
MARCORY;SERVICE DE SANTE SCOLAIRE ET UNIVERSITAIRE-SERVICE ADOLESCENT JEUNES DE MARCORY;SSSU
MARCORY;SERVICE MEDICAL DU LBTP (LABORATOIRE DU BATIMENT ET DES TRAVAUX PUBLICS);CMS
MASSALA;CENTRE DE SANTE URBAIN DE MASSALA;CSU
MASSALA GOURAN;DISPENSAIRE RURAL DE MASSALA GOURAN;DISP
MAYO;CENTRE DE SANTE URBAIN DE MAYO;CSU
MEAGUI;FORMATION SANITAIRE URBAINE DE MEAGUI;FSU
MEAGUI;HÔPITAL GENERAL DE MEAGUI;HG
MEAGUI;SERVICE DE SANTE SCOLAIRE UNIVERSITAIRE-SERVICE ADOLESCENT JEUNES DE MEAGUI;SSSU
MEKRO;DISPENSAIRE RURAL DE MEKRO;DISP
MEMNI;CENTRE DE SANTE URBAIN DE MEMNI;CSU
MEO;CENTRE DE SANTE URBAIN DE MEO;CSU
MEREKOU;DISPENSAIRE RURAL DE MEREKOU;DISP
MIADZIN;CENTRE DE SANTE URBAIN DE MIADZIN;CSU
MINE D'ITY;CLINIQUE DE LA MINE SMI (D'ITY);CLN
MINFLA;CENTRE DE SANTE RURAL DE MINFLA;CSR
MINIGNAN;CENTRE DE SANTE URBAIN INTEGRE DE MINIGNAN;CSU
MINIGNAN;HÔPITAL GENERAL DE MINIGNAN;HG
MOHAME;CENTRE DE SANTE RURAL DE MOHAME;CSR
MOHOUA;CENTRE DE SANTE RURAL DE MOHOUA;CSR
MOOSOU;DISPENSAIRE RURALE DE MOOSOU;DISP
MOPOYEM;INFIRMERIE CNRA DABOU CENTRE;CMS
MOROFE;CENTRE DE SANTE URBAIN DE MOROFE;CSU
MOROKRO;CENTRE DE SANTE URBAIN DE MOROKRO;CSU
MORONDO;CENTRE DE SANTE URBAIN MORONDO;CSU
MORONOU;CENTRE DE SANTE URBAIN DE MORONOU;CSU
MOTOBE;CENTRE DE SANTE RURAL DE MOTOBE;CSR
MOUYASSUE;CENTRE DE SANTE RURAL DE MOUYASSUE;CSR
N'DA AKISSIKRO;CENTRE DE SANTE RURAL DE N'DA AKISSIKRO;CSR
N'DENOU;DISPENSAIRE RURAL DE N'DENOU;DISP
N'DEOU;CENTRE DE SANTE RURAL DE N'DEOU;CSR
N'DOUCI;CENTRE DE SANTE URBAIN DE N'DOUCI;CSU
N'DOUFFOUKANKRO;CENTRE DE SANTE RURAL DE N'DOUFFOUKANKRO;CSR
N'GAPIE;CENTRE DE SANTE RURAL DE N'GAPIE;CSR
N'GATTA DOLIKRO;CENTRE DE SANTE RURAL DE N'GATTADOLIKRO;CSR
N'GATTAKRO;CENTRE DE SANTE RURAL DE N'GATTAKRO;CSR
N'GATTAKRO;DISPENSAIRE RURAL DE N'GATTAKRO;DISP
N'GOIMBO;DISPENSAIRE RURAL DE N'GOIMBO;DISP
N'GOLOBLASSO;CENTRE DE SANTE RURAL DE N'GOLOBLASSO;CSR
N'GOLODOUGOU;CENTRE DE SANTE RURAL DE N'GOLODOUGOU;CSR
N'GOUESSOU;DISPENSAIRE RURAL D'ALLANGOUA-N'GBESSOU;DISP
N'GUESSANAGUI;DISPENSAIRE RURAL DE N'GUESSANAGUI;DISP
N'GUESSANKRO;CENTRE DE SANTE RURAL DE N'GUESSANKRO;CSR
N'GUESSANKRO;CENTRE DE SANTE URBAIN DE N'GUESSANKRO;CSU
N'GUIEME;CENTRE DE SANTE RURAL DE N'GUIEME;CSR
N'ZECREZESSOU;CENTRE DE SANTE URBAIN DE N'ZECREZESSOU;CSU
N'ZERE;CENTRE DE SANTE RURAL DE N'ZERE;CSR
N'ZIANOUAN;CENTRE DE SANTE DES ARMEES 7eme COMPAGNIE DE N'ZIANOUAN;MIL
N'ZIANOUAN;CENTRE DE SANTE URBAIN N'ZIANOUAN;CSU
N'ZUESSY;CENTRE DE SANTE URBAIN DE N'ZUESSY;CSU
NABINGUE;CENTRE DE SANTE URBAIN DE NABINGUE;CSU
NAFANA;CENTRE DE SANTE URBAIN DE NAFANA;CSU
NAFOUN;CENTRE DE SANTE RURAL DE NAFOUN;CSR
NAGNENEFOUN;CENTRE DE SANTE RURAL DE NAGNENEFOUN;CSR
NAHIO;CENTRE DE SANTE URBAIN DE NAHIO;CSU
NAKAHA;CENTRE DE SANTE RURAL DE NAKAHA;CSR
NAKOUROUBELEKAHA;CENTRE DE SANTE RURAL DE NAKOUROUBELEKAHA;CSR
NAMANE;MATERNITE DE NAMANE;MAT
NAMBONKAHA;CENTRE DE SANTE RURAL DE NAMBONKAHA;CSR
NANGAKAHA;DISPENSAIRE RURAL DE NANGAKAHA;DISP
NAPIE;CENTRE DE SANTE URBAIN DE NAPIE;CSU
NASSIAN;DISPENSAIRE RURAL DE NASSIAN;DISP
NASSIAN;HÔPITAL GENERAL DE NASSIAN;HG
NDO KOUASSIKRO;DISPENSAIRE RURAL N'DO-KOUASSIKRO;DISP
NEBO;CENTRE DE SANTE URBAIN DE NEBO;CSU
NEGUEPIE;CENTRE DE SANTE RURAL DE NEGUEPIE;CSR
NEKEIDE;CENTRE DE SANTE RURAL DE NEKIEDE;CSR
NEKO;CENTRE DE SANTE RURAL DE NEKO;CSR
NENEFEROUA;DISPENSAIRE RURAL DE NENEFEROUA;DISP
NEZOBLY;CENTRE DE SANTE RURAL DE NEZOBLY;CSR
NIABABLY;CENTRE DE SANTE URBAIN DE NIABABLY;CSU
NIABLE;CENTRE DE SANTE URBAIN DE NIABLE;CSU
NIAHIRIO;CENTRE DE SANTE RURAL DE NIAHIRIO;CSR
NIAKARA;CENTRE DE SANTE RURAL DE KANAWOLO;CSR
NIAKARA;CENTRE DE SANTE URBAIN DE TAFIRE;CSU
NIAKARA;CENTRE DE SANTE URBAIN DE TORTIYA;CSU
NIAKARA;HÔPITAL GENERAL DE NIAKARA;HG
NIAKARA;SERVICE DE SANTE SCOLAIRE ET UNIVERSITAIRE-SERVICE ADOLESCENT JEUNES DE NIAKARA;SSSU
NIAKIA;CENTRE DE SANTE RURAL DE NIAKIA;CSR
NIAMANA;CENTRE DE SANTE RURAL DE NIAMANA;CSR
NIAMASSO;CENTRE DE SANTE RURAL DE NIAMASSO;CSR
NIAMBEZARIA;CENTRE DE SANTE URBAIN DE NIAMBEZARIA;CSU
NIAMOIN;CENTRE DE SANTE RURAL DE NIAMOIN;CSR
NIANDA;CENTRE DE SANTE RURAL DE NIANDA;CSR
NIDROU;CENTRE DE SANTE URBAIN NIDROU;CSU
NIEDIEKAHA;CENTRE DE SANTE RURAL DE NIEDIEKAHA;CSR
NIELLE;CENTRE DE SANTE URBAIN INTEGRE DE OUANGOLODOUGOU;CSU
NIEMENE;CENTRE DE SANTE URBAIN DE NIEMENE;CSU
NIENESSO;DISPENSAIRE RURAL DE NIENESSO;DISP
NIKOLO;CENTRE DE SANTE RURAL DE NIKOLO;CSR
NIOFOIN;CENTRE DE SANTE URBAIN DE NIOFOIN;CSU
NIOKOSSO;CENTRE DE SANTE URBAIN DE NIOKOSSO;CSU
NIOROUHIO;CENTRE DE SANTE RURAL DE NIOROUHIO;CSR
NIZAHON;CENTRE DE SANTE RURAL DE NIZAHON;CSR
NOE;CENTRE DE SANTE URBAIN DE NOE;CSU
NOFOU;CENTRE DE SANTE RURAL DE NOFOU;CSR
NOUAMOU;CENTRE DE SANTE URBAIN DE NOUAMOU;CSU
NOUKPOUDOU;CENTRE DE SANTE RURAL DE NOUKPOUDOU;CSR
ODIA;CENTRE DE SANTE RURAL DE ODIA;CSR
ODIENNE;CENTRE ANTI-TUBERCULEUX D'ODIENNE;CAT
ODIENNE;CENTRE DE SANTE DES ARMEES BATAILLON DE SECURISATION DU NORD OUEST;MIL
ODIENNE;CENTRE DE SANTE DES ARMEES GENDARMERIE D'ODIENNE;MIL
ODIENNE;CENTRE DE SANTE URBAIN PIETRO BONILLI;CSU
ODIENNE;CENTRE HOSPITALIER REGIONAL D'ODIENNE;CHR
ODIENNE;CREMOSS D'ODIENNE;CMS
ODIENNE;DISPENSAIRE URBAIN DE YANKAFISSA;DISP
ODIENNE;PROTECTION MATERNELLE ET INFANTILE ODIENNE;PMI
ODIENNE;SERVICE DE SANTE SCOLAIRE ET UNIVERSITAIRE SERVICE ADOLESCENT JEUNES D'ODIENNE;SSSU
ODOGUIE;CENTRE DE SANTE RURAL D'ODOGUIE;CSR
OFFOMPO;CENTRE DE SANTE RURAL OFFOMPO;CSR
OGOUDOU;CENTRE DE SANTE URBAIN DE OGOUDOU;CSU
OKROUMOUDOU;CENTRE DE SANTE RURAL DE OKROMODOU;CSR
OKROUYO;CENTRE DE SANTE URBAIN D'OKROUYO;CSU
OLIBRIBOUO;CENTRE DE SANTE URBAIN D'OLIBRIBOUO;CSU
OLODIO;CENTRE DE SANTE URBAIN DE OLODIO;CSU
ONDEFIDOUO;CENTRE DE SANTE RURAL D'ONDEFIDOUO;CSR
ONO;CENTRE DE SANTE RURAL DE ONO SALCI;CSR
ORESS-KROBOU;CENTRE DE SANTE URBAIN DE ORESS-KROBOU;CSU
OTTOPE 1;CENTRE DE SANTE RURAL DE OTTOPE 1;CSR
OUAMELHORO;CENTRE DE SANTE RURAL DE OUAMELHORO;CSR
OUANGOLODOUGOU;CENTRE DE SANTE COMMUNAUTAIRE (CESACO);CS
OUANGOLODOUGOU;CENTRE DE SANTE RURAL DE KOROKARA;CSR
OUANGOLODOUGOU;CENTRE DE SANTE URBAIN DE NIELLE;CSU
OUANGOLODOUGOU;HÔPITAL GENERAL DE OUANGOLODOUGOU;HG
OUANGOLODOUGOU;PMI DE OUANGOLODOUGOU;PMI
OUANINOU;HÔPITAL GENERAL DE OUANINOU;HG
OUAOUAKRO;DISPENSAIRE RURAL DE OUAOUAKRO;DISP
OUARGA;CENTRE DE SANTE RURAL DE OUARGA;CSR
OUASSADOUGOU;CENTRE DE SANTE RURAL DE OUASSADOUGOU;CSR
OUATTE;CENTRE DE SANTE RURAL DE OUATTE;CSR
OUELLE;CENTRE DE SANTE URBAIN DE OUELLE;CSU
OUFFOUEDIEKRO;CENTRE DE SANTE RURAL D'OUFFOUE-DIEKRO;CSR
OUME;HÔPITAL GENERAL DE OUME;HG
OUME;PMI DE OUME;PMI
OUOLLOH;CENTRE DE SANTE RURAL DE OUOLLOH;CSR
OUPOYO;CENTRE DE SANTE URBIN DE OUPOYO;CS
OURAGAHIO;CENTRE DE SANTE RURAL DE BROUDOUME;CSR
OURAGAHIO;CENTRE DE SANTE RURAL DE MAGBEHIGOUEPA;CSR
OURAGAHIO;CENTRE DE SANTE RURAL DE MAMA;CSR
OURAGAHIO;CENTRE DE SANTE RURAL DE PISSEKOU;CSR
OURAGAHIO;CENTRE DE SANTE RURAL DE SIEGOUEKOU;CSR
OURAGAHIO;CENTRE DE SANTE RURAL DE ZAHIBOHIO;CSR
OURAGAHIO;CENTRE DE SANTE RURAL DE ZEBIZEKOU;CSR
OURAGAHIO;CENTRE DE SANTE URBAIN DE OURAGAHIO;CSU
OUREGUEKAHA;DISPENSAIRE RURAL DE OUREGUEKAHA;DISP
OUREYO;DISPENSAIRE RURAL D'OUREYO;DISP
OUYABLY-GNONDROU;CENTRE DE SANTE URBAIN DE OUYABLY-GNONDROU;CSU
OUYATOWO;CENTRE DE SANTE URBAIN DE OUYATOUO;CSU
PAKOBO;CENTRE DE SANTE URBAIN DE PACOBO;CSU
PAKOUABO;CENTRE DE SANTE URBAIN PAKOUABO;CSU
PANZARANI;CENTRE DE SANTE RURAL DE PANZARANI;CSR
PAPARA;CENTRE DE SANTE URBAIN DE PAPARA;CSU
PARC-SOU;DISPENSAIRE RURAL DE PARC-SOU;DISP
PEGUEKAHA;CENTRE DE SANTE RURAL DE PEGUEKAHA;CSR
PEHE;CENTRE DE SANTE URBAIN DE PEHE;CSU
PEHEKANHOUBLI;CENTRE DE SANTE RURAL-DISPENSAIRE DE PEHEKENHOUBLI;CSR
PENDA-BOROKO;CENTRE DE SANTE URBAIN DE PENDA-BOROKO;CSU
PETIGOA 2;CENTRE DE SANTE RURAL DE PETIGOA 2;CSR
PETIONARA;DISPENSAIRE RURAL DE PETIONARA;DISP
PLATEAU;CENTRE DE SANTE DES ARMEES BCS DU PLATEAU (CS CAMP GALLIENI);MIL
PLATEAU;CENTRE DE SANTE DES ARMEES DE LA GARDE REPUBLICAINE DU PLATEAU;MIL
PLATEAU;CENTRE DE SANTE DES ARMEES GMMG DU PLATEAU;MIL
PLATEAU;CENTRE DE SANTE URBAIN EDMOND BASQUE DU PLATEAU;CSU
PLATEAU;CENTRE MEDICAL BOHOUN BOUABRE DU TRESOR;CMS
PLATEAU;CENTRE MEDICAL CNCE;CMS
PLATEAU;CENTRE MEDICAL CNPS SIEGE;CMS
PLATEAU;CENTRE MEDICAL D'ENTREPRISE SITARAIL;CMS
PLATEAU;CENTRE MEDICAL DE CI-ENERGIE;CMS
PLATEAU;CENTRE MEDICAL DE L'IMPRIMERIE NATIONALE;CMS
PLATEAU;CENTRE MEDICAL DE LA BHCI;CMS
PLATEAU;CENTRE MEDICAL DE LA POSTE-CI;CMS
PLATEAU;CENTRE MEDICAL DE LA PRESIDENCE DE LA REPUBLIQUE PLATEAU;CMS
PLATEAU;CENTRE MEDICAL DE PETROCI;CMS
PLATEAU;CENTRE MEDICAL LA CHAMBRE DE COMMERCE ET D'INDUSTRIE DE CÔTE D'IVOIRE;CMS
PLATEAU;CREMOSS PLATEAU;CMS
PLATEAU;HÔPITAL DE LA POLICE NATIONALE;MIL
PLATEAU;INFIRMERIE DE L'INSTITUT NATIONAL DE LA STATISTIQUE;CMS
PLATEAU;SERVICE DE SANTE SCOLAIRE ET UNIVERSITAIRE SERVICE ADOLESCENT JEUNES DU PLATEAU;SSSU
PLATEAU;SERVICE MEDICAL DE L'ASSEMBLE NATIONALE;CMS
PLATEAU;SERVICE MEDICAL DE LA PRIMATURE;CMS
PLATEAU;SERVICE MEDICAL DE LA SNDI;CMS
PLATEAU;SERVICE MEDICAL DES FONCTIONNAIRES;CMS
PLATEAU;SERVICE MEDICAL PATRICE KOUAME DES FINANCES;CMS
PODIAGOUINE;DISPENSAIRE RURAL DE PODIAGOUINE;DISP
POGO;CENTRE DE SANTE RURAL DE POGO;CSR
POGREAGUI;CENTRE DE SANTE RURAL POGREAGUI;CSR
POLOUROUKAHA;CENTRE DE SANTE URBAIN DE POULOUROUKAHA;CSU
PONONDOUGOU;DISPENSAIRE RURAL DE PONONDOUGOU;DISP
PORT BOUET;CENTRE DE SANTE CARITAS PERES CARMES;CS
PORT BOUET;CENTRE DE SANTE MUNICIPAL DE VRIDI AKWABA DERRIERE WHARF;CS
PORT BOUET;CENTRE DE SANTE RURAL CNRA DE PORT-BOUET;CSR
PORT BOUET;CENTRE DE SANTE RURAL D'AKOBRAKRE;CSR
PORT BOUET;CENTRE DE SANTE URBAIN A BASE COMMUNAUTAIRE DE PORT-BOUET GONZAGVILLE;CSU
PORT BOUET;CENTRE DE SANTE URBAIN A BASE COMMUNAUTAIRE VRIDI 3 POINT DES FUMEURS;CSU
PORT BOUET;CENTRE MEDICAL D'ENTREPRISE OLAM;CMS
PORT BOUET;CENTRE MEDICAL DE GESTOCI;CMS
PORT BOUET;CENTRE MEDICAL DE L'INSTITUT DE TECHNOLOGIE TROPICALE (I2T);CMS
PORT BOUET;CENTRE MEDICAL DE L'OFFICE IVOIRIENNE DES CHARGEURS (OIC);CMS
PORT BOUET;CENTRE MEDICAL DE LA BASE AERIENNE D'ABIDJAN;CMS
PORT BOUET;CENTRE MEDICO-SOCIAL DE LA CARITAS;CMS
PORT BOUET;CREMOSS PORT BOUET;CMS
PORT BOUET;FORMATION SANITAIRE URBAINE A BASE COMMUNAUTAIRE DE VRIDI-CANAL;FSU
PORT BOUET;HÔPITAL GENERAL DE PORT BOUET;HG
PORT BOUET;HÔPITAL MUNICIPAL DE VRIDI CITE;HOP
PORT BOUET;INFIRMERIE DE LA SIR;CMS
PORT BOUET;INFIRMERIE DE LA SODEXAM;CMS
PORT BOUET;SERVICE DE SANTE SCOLAIRE ET UNIVERSITAIRE-SERVICE ADOLESCENT JEUNES DE PORT-BOUET;SSSU
PORT BOUET;SERVICE MEDICAL SICABLE;CMS
PORT BOUET;SOTRA PORT BOUET;CMS
PORT BOUET;SOTRA VRIDI;CMS
POTOSSOU;CENTRE DE SANTE RURAL DE POTOSSOU;CSR
POUNGBE;CENTRE DE SANTE RURAL DE POUNGBE;CSR
PRIKRO;HÔPITAL GENERAL DE PRIKRO;HG
PRITI 1;DISPENSAIRE RURAL DE PRITI 1;DISP
SABOUDOUGOU;CENTRE DE SANTE RURAL SABOUDOUGOU;CSR
SAFAMANOIS;CENTRE DE SANTE RURAL DE SAFAMANOIS;CSR
SAGBOYA;CENTRE DE SANTE RURAL DE SAGBOYA;CSR
SAGO;CENTRE DE SANTE URBAIN DE SAGO;CSU
SAHABO;DISPENSAIRE RURAL DE SAHABO;DISP
SAHIBLY;CENTRE DE SANTE RURAL DE SAHIBLY;CSR
SAHOUA;CENTRE DE SANTE RURAL DE SAHOUA;CSR
SAHUYE;CENTRE DE SANTE RURAL SAHUYE;CSR
SAIOUA;CENTRE DE SANTE URBAIN DE SAIOUA;CSU
SAKAHOUO;CENTRE DE SANTE RURAL DE SAKAHOUO;CSR
SAKASSOU;CENTRE DE SANTE URBAIN DE SRAN BONDOSSOU;CSU
SAKASSOU;CENTRE DE SANTE URBAIN DE TOUMODI-SAKASSOU;CSU
SAKASSOU;HÔPITAL GENERAL DE SAKASSOU;HG
SAKIARE;CENTRE DE SANTE RURAL DE SAKIARE;CSR
SALONKOURANI;CENTRE DE SANTE RURAL DE SALONKOURANI;CSR
SAMANGO;CENTRE DE SANTE URBAIN DE SAMANGO;CSU
SAMANZA;CENTRE DE SANTE RURAL DE SAMANZA;CSR
SAMATIGUILA;HÔPITAL GENERAL DE SAMATIGUILA;HG
SAMBAKAHA;CENTRE DE SANTE RURAL DE SAMBAKAHA;CSR
SAMO;CENTRE DE SANTE RURAL DE SAMO;CSR
SAN;CENTRE DE SANTE RURAL DE SAN;CSR
SAN PEDRO;CENTRE DE SANTE DES ARMEES;MIL
SAN PEDRO;CENTRE DE SANTE URBAIN DONATA;CSU
SAN PEDRO;CENTRE DE SANTE URBAIN HKB DE SAN PEDRO;CSU
SAN PEDRO;CENTRE HOSPITALIER REGIONAL DE SAN PEDRO;CHR
SAN PEDRO;CENTRE MEDICAL D'ENTREPISE DU PORT AUTONOME DE SAN PEDRO;CMS
SAN PEDRO;CENTRE MEDICO SOCIAL CONSOLATA;CMS
SAN PEDRO;CENTRE MEDICO SOCIAL DE SCASO;CMS
SAN PEDRO;CENTRE MEDICO SOCIAL SAPH RAPIDES-GRAH;CMS
SAN PEDRO;CENTRE MEDICO-SOCIAL SEMPA DE SAN PEDRO;CMS
SAN PEDRO;CREMOSS DE SAN-PEDRO;CMS
SAN PEDRO;FORMATION SANITAIRE MUNICIPAL TERRE ROUGE;FSU
SAN PEDRO;FORMATION SANITAIRE MUNICIPALE DE ZIMBABWE;FSU
SAN PEDRO;GENDARMERIE DE SAN PEDRO;MIL
SAN PEDRO;HÔPITAL GENERAL DE SAN PEDRO;HG
SAN PEDRO;PMI DE SAN PEDRO;PMI
SANANFEREDOUGOU;CENTRE DE SANTE RURAL DE SANANFEREDOUGOU;CSR
SANDEGUE;HOPITAL GENERAL DE SANDEGUE;HG
SANDJOUGOUNA;DISPENSAIRE RURAL DE SANDJOUGOUNA;DISP
SANEGAZE;CENTRE DE SANTE RURAL DE SANEGAZE;CSR
SANGOUINE;CENTRE DE SANTE URBAIN DE SANGOUINE;CSU
SANHALA;CENTRE DE SANTE URBAIN DE SANHALA;CSU
SANHOUNKRO;CENTRE DE SANTE RURAL DE SANHOUKRO;CSR
SANHOUNKRO;CENTRE DE SANTE URBAIN SANKADIOKRO;CSU
SANTA;CENTRE DE SANTE RURAL SANTA;CSR
SANTA;CENTRE DE SANTE URBAIN DE SANTA;CSU
SAPLI SEPINGO;CENTRE DE SANTE URBAIN DE SAPLI-SEPINGO;CSU
SARHALA;CENTRE DE SANTE URBAIN DE SARHALA;CSU
SASSANDRA;HÔPITAL GENERAL DE SASSANDRA;HG
SASSANDRA;SERVICE DE SANTE SCOLAIRE ET UNIVERSITAIRE-SERVICE ADOLESCENT JEUNES DE SASSANDRA;SSSU
SASSAOKRO;CENTRE DE SANTE RURAL DE SASSAOKRO;CSR
SATAMA SOKOURA;CENTRE DE SANTE URBAIN SATAMA-SOKOURA;CSU
SATAMA-SOKORO;CENTRE DE SANTE URBAIN DE SATAMA SOKORO;CSU
SATIKRAN;CENTRE DE SANTE RURAL DE SATIKRAN;CSR
SAYKRO;CENTRE DE SANTE RURAL DE SAYKRO;CSR
SEGUELA;CENTRE DE SANTE DES ARMEES CIFIM DE SEGUELA;MIL
SEGUELA;CENTRE DE SANTE URBAIN DOMINIQUE OUATTARA DE SEGUELA;CSU
SEGUELA;CENTRE HOSPITALIER REGIONAL DE SEGUELA;CHR
SEGUELA;PMI DE SEGUELA;PMI
SEGUELA;SERVICE DE SANTE SCOLAIRE ET UNIVERSITAIRE SERVICE ADOLESCENT JEUNES DE SEGUELA;SSSU
SEGUELON;HÔPITAL GENERAL DE SEGUELON;HG
SEGUETIELE;CENTRE DE SANTE RURAL DE SEGUETIELE;CSR
SEILEU;CENTRE DE SANTE RURAL DE SEILEU;CSR
SEITIFLA;CENTRE DE SANTE URBAIN DM PUBLIC DE SEITIFLA;CSU
SEMAN;CENTRE DE SANTE RURAL DE SEMAN;CSR
SEMIEN;CENTRE DE SANTE URBAIN DE SEMIEN;CSU
SEPENEDIOKAHA;CENTRE DE SANTE RURAL DE SEPENEDIOKAHA;CSR
SEPIKAHA;CENTRE DE SANTE RURAL DE SEPIKAHA;CSR
SERIHIO;CENTRE DE SANTE URBAIN DE SERIHIO;CSU
SEYDOUGOU;CENTRE DE SANTE URBAIN DE SEYDOUGOU;CSU
SIANA;CENTRE DE SANTE RURAL DE SIANA;CSR
SIASSO;CENTRE DE SANTE RURAL DE SIASSO;CSR
SIELEKAHA;CENTRE DE SANTE RURAL DE SIELEKAHA;CSR
SIEMPURGO;CENTRE DE SANTE URBAIN DE SIEMPURGO;CSU
SIETINFLA;CENTRE DE SANTE RURAL DE SIETINFLA;CSR
SIFIE;CENTRE DE SANTE URBAIN DE SIFIE;CSU
SIKENSI;HÔPITAL GENERAL DE SIKENSI;HG
SIKENSI;SERVICE DE SANTE SCOLAIRE ET UNIVERSITAIRE-SERVICE ADOLESCENT JEUNES DE SIKENSI;SSSU
SIKOLO;CENTRE DE SANTE URBAIN DE SIKOLO;CSU
SILAKORO;DISPENSAIRE RURAL DE SILAKORO;DISP
SINEMATIALI;HÔPITAL GENERAL DE SINEMATIALI;HG
SINEMATIALI;SERVICE DE SANTE SCOLAIRE ET UNIVERSITAIRE-SERVICE ADOLESCENT JEUNES DE SINEMATIALI;SSSU
SINFRA;DISPENSAIRE MISSIONNAIRE CHRIST ROI (DMCR) DE SINFRA;DISP
SINFRA;HÔPITAL GENERAL DE SINFRA;HG
SINFRA;PROTECTION MATERNELLE ET INFANTILE SINFRA;PMI
SINFRA;SERVICE DE SANTE SCOLAIRE ET UNIVERSITAIRE-SERVICE ADOLESCENT JEUNES DE SINFRA;SSSU
SINGROBO;CENTRE DE SANTE RURAL DE SINGROBO;CSR
SIPILOU;HÔPITAL GENERAL DE SIPILOU;HG
SIRASSO;CENTRE DE SANTE URBAIN DE SIRASSO;CSU
SISSENGUE;CENTRE DE SANTE INTEGRE DE SISSENGUE;CS
SITIOLO;DISPENSAIRE RURAL DE SITIOLO;DISP
SOBA-BANANDJE;CENTRE DE SANTE RURAL SOBA-BANANDJE;CSR
SOBARA;CENTRE DE SANTE RURAL DE KAWOLO-SOBARA;CSR
SOHOUO;CENTRE DE SANTE URBAIN DE SOHOUO;CSU
SOKALA-SABARA;CENTRE DE SANTE RURAL DE SOKALA-SOBARA;CSR
SOKORO;CENTRE DE SANTE URBAIN DE SOKORO;CSU
SOKORO 1;CENTRE DE SANTE RURAL DE SOKORO 1;CSR
SOKORODOUGOU;CENTRE DE SANTE RURAL SOKORODOUGOU;CSR
SOKOURALA;CENTRE DE SANTE RURAL DE MAHOU-SOKOURALA;CSR
SOKROGBO;CENTRE DE SANTE RURAL DE SOKROGBO;CSR
SOMINASSE;CENTRE DE SANTE URBAIN DE SOMINASSE;CSU
SONDO;CENTRE DE SANTE RURAL DE SONDO;CSR
SONGON;CENTRE DE SANTE RURAL SONGON;CSR
SONGON;CENTRE DE SANTE URBAIN DE SONGON KASSEMBLE;CSU
SONGON;FORMATION SANITAIRE URBAINE A BASE COMMUNAUTAIRE D'ADIOPODOUME;FSU
SONGON AGBAN;CENTRE DE SANTE RURAL SONGON AGBAN;CSR
SONONZO;CENTRE DE SANTE RURAL DE SONONZO;CSR
SOROBANGO;CENTRE DE SANTE URBAIN DE SOROBANGO;CSU
SOUBRE;CENTRE DE SANTE DES ARMEES DE SOUBRE;MIL
SOUBRE;HÔPITAL GENERAL DE SOUBRE;HG
SOUBRE;PMI DE SOUBRE;PMI
SOUKOUKRO;CENTRE DE SANTE RURAL SOUKOUKRO;CSR
SOUNGASSOU;CENTRE DE SANTE URBAIN DE SOUNGASSOU;CSU
SUIBIAKRO;CENTRE MEDICO SOCIAL SUBIAKRO;CMS
SYALEDOUO;DISPESNAIRE RURAL DE SYALEDOUO;DISP
TAABO;CENTRE DE SANTE RURAL DE TAABO VILLAGE;CSR
TAABO;DISPENSAIRE RURAL DE KOKOTI-KOUAMEKRO;DISP
TAABO;HÔPITAL GENERAL DE TAABO;HG
TABAGNE;CENTRE DE SANTE URBAIN DE TABAGNE;CSU
TABOU;CENTRE DE SANTE URBAIN INTEGRE DE TABOU;CSU
TABOU;HÔPITAL GENERAL DE TABOU;HG
TAGADI;DISPENSAIRE RURAL DE TAGADI;DISP
TAGBAYO;CENTRE DE SANTE RURAL DE TAGBAYO;CSR
TAGNAKRO;CENTRE DE SANTE RURAL DE TAGNAKRO;CSR
TAGOURA;DISPENSAIRE RURAL DE TAGOURA;DISP
TAHAKRO;CENTRE DE SANTE RURAL DE TAHAKRO;CSR
TAHIRAGUHE;DISPENSAIRE RURAL DE TAHIRAGUHE;DISP
TAÏ;CENTRE DE SANTE URBAIN INTEGRE DE TAI;CSU
TAÏ;HÔPITAL GENERAL DE TAI;HG
TAKOREAGUI;CENTRE DE SANTE RURAL DE TAKOREAGUI;CSR
TALAHINI;DISPENSAIRE RURAL DE TALAHINI;DISP
TALLA;CENTRE DE SANTE RURAL DE TALLA;CSR
TANDA;HOPITAL GENERAL DE TANDA;HG
TANDA;SERVICE DE SANTE SCOLAIRE ET UNIVERSITAIRE-SANTE ADOLESCANTS ET JEUNES TANDA;SSSU
TANGUELAN;CENTRE DE SANTE URBAIN DE TANGUELAN;CSU
TANKESSE;CENTRE DE SANTE URBAIN DE TANKESSE;CSU
TAOUDI;CENTRE DE SANTE URBAIN DE TAOUDI;CSU
TAPEGUIA;CENTRE DE SANTE URBAIN DE TAPEGUIA;CSU
TCHEKOU;DISPENSAIRE RURAL DE TCHEKOU;DISP
TEGUELA;CENTRE DE SANTE RURAL DE TEGUELA;CSR
TEHINI;HOPITAL GENERAL DE TEHINI;HG
TEHIRI;CENTRE DE SANTE RURAL DE TEHIRI;CSR
TENDENE;CENTRE DE SANTE RURAL DE TENDENE;CSR
TENGRELA;CENTRE DE SANTE URBAIN INTEGRE DE TENGRELA;CSU
TENGRELA;HÔPITAL GENERAL DE TENGRELA;HG
TENGRELA;PMI DE TENGRELA;PMI
TENGRELA;SERVICE DE SANTE SCOLAIRE ET UNIVERSITAIRE SERVICE ADOLESCENT JEUNES DE TENGRELA;SSSU
TENINGBOUE;CENTRE DE SANTE URBAIN DE TENINGBOUE;CSU
TEZIE;CENTRE DE SANTE RURAL DE TEZIE;CSR
TIAHOUE;CENTRE DE SANTE RURAL DE TIAHOUE;CSR
TIAPOUM;HÔPITAL GENERAL DE TIAPOUM;HG
TIASSALE;CENTRE DE SANTE RURAL DE KONDIEBOUMAN;CSR
TIASSALE;HÔPITAL GENERAL DE TIASSALE;HG
TIASSALE;PMI DE TIASSALE;PMI
TIASSALE;SERVICE DE SANTE SCOLAIRE ET UNIVERSITAIRE-SERVICE ADOLESCENT JEUNES DE TIASSALE;SSSU
TIASSO;CENTRE DE SANTE RURAL DE TIASSO;CSR
TIBEITA;CENTRE DE SANTE RURAL DE TIBEITA;CSR
TIE NDIEKRO;CENTRE DE SANTE URBAIN DE TIE-N'DIEKRO;CSU
TIEBISSOU;HÔPITAL GENERAL DE TIEBISSOU;HG
TIEDIO;CENTRE DE SANTE URBAIN DE TIEDIO;CSU
TIEGBA;CENTRE DE SANTE RURAL DE TIEGBA;CSR
TIEKPE;CENTRE DE SANTE RURAL DE TIEKPE;CSR
TIEMA;CENTRE DE SANTE RURAL DE TIEMA;CSR
TIEMASSOBA;CENTRE DE SANTE RURAL DE TIEMASSOBA;CSR
TIEME;CENTRE DE SANTE URBAIN DE TIEME;CSU
TIEMELEKRO;CENTRE DE SANTE URBAIN DE TIEMELEKRO;CSU
TIENKO;CENTRE DE SANTE RURAL DE TIENKO;CSR
TIENKO;CENTRE DE SANTE URBAIN DE TIENKO;CSU
TIENKOIKRO;CENTRE DE SANTE URBAIN DE TIENKOIKRO;CSU
TIENY-SEABLY;CENTRE DE SANTE URBAIN DE TIENY-SEABLY;CSU
TINDARA;CENTRE DE SANTE URBAIN DE TINDARA;CSU
TINHOU;CENTRE DE SANTE RURAL DE TINHOU;CSR
TIOBLY;CENTRE DE SANTE URBAIN DE TIOBLY;CSU
TIONGOFOLOKAHA;DISPENSAIRE RURAL DE TIONGOFOLOKAHA;DISP
TIORONIARADOUGOU;CENTRE DE SANTE URBAIN DE TIORONIARADOUGOU;CSU
TIPADIPA;CENTRE DE SANTE RURAL DE TIPADIPA;CSR
TOGONIERE;CENTRE DE SANTE RURAL DE TOGONIERE;CSR
TOKOHIRI;CENTRE DE SANTE RURAL DE TOKOHIRI;CSR
TOLIESSO;CENTRE DE SANTE RURAL TOLIESSO;CSR
TONGON;CENTRE DE SANTE RURAL DE TONGON;CSR
TONLA;CENTRE DE SANTE URBAIN DE TONLA;CSU
TORGOKAHA;CENTRE MEDICO-SOCIAL BAPTISTE DE TORGOKAHA;CMS
TORLA;CENTRE DE SANTE RURAL DE TORLA;CSR
TORO-SANGUEHI;CENTRE DE SANTE RURAL TORO-SANGUEHI;CSR
TOROGUHE;CENTRE DE SANTE DES ARMEES;MIL
TOROGUHE;DE l'ECOLE DE GENDARMERIE DE TOROGUHE;MIL
TOTRODOU;CENTRE DE SANTE URBAIN TOTRODOU;CSU
TOUADJI 1;CENTRE DE SANTE RURAL DE TOUADJI 1;CSR
TOUADJI 2;CENTRE DE SANTE RURAL DE TOUADJI 2;CSR
TOUBA;CENTRE DE SANTE URBAIN INTEGRE DE TOUBA;CSU
TOUBA;CENTRE HOSPITALIER REGIONAL DE TOUBA;CHR
TOUBA;PMI DE TOUBA;PMI
TOUBA;SERVICE DE SANTE SCOLAIRE ET UNIVERSITAIRE SERVICE ADOLESCENT JEUNES DE TOUBA;SSSU
TOUGBO;CENTRE DE SANTE URBAIN DE TOUGBO;CSU
TOUIH;CENTRE DE SANTE URBAIN DE TOUIH;CSU
TOULEPLEU;CENTRE DE SANTE URBAIN INTEGRE DE TOULEPLEU;CSU
TOULEPLEU;HÔPITAL GENERAL DE TOULEPLEU;HG
TOUMANGUIE;CENTRE DE SANTE RURAL DE TOUMANGUIE VILLAGE;CSR
TOUMODI;CENTRE DE SANTE URBAIN DE BINAVA;CSU
TOUMODI;HÔPITAL GENERAL DE TOUMODI;HG
TOUMOUKORO;CENTRE DE SANTE URBAIN DE TOUMOUKORO;CSU
TOUNBOKRO;DISPENSAIRE RURAL DE TOUMBOKRO;DISP
TOUNVRE;CENTRE DE SANTE RURAL DE TOUNVRE;CSR
TOUPAH;CENTRE DE SANTE URBAIN DE TOUPAH;CSU
TOURO;CENTRE DE SANTE RURAL DE TOURO;CSR
TRANSUA;HÔPITAL GENERAL DE TRANSUA;HG
TREICHVILLE;AIBEF DE TREICHVILLE;AUT
TREICHVILLE;CENTRE ANTI TUBERCULEUX DE TREICHVILLE;CAT
TREICHVILLE;CENTRE D'ASSISTANCE SOCIO MEDICALE DE TREICHVILLE;CMS
TREICHVILLE;CENTRE DE SANTE DES ARMEES DE LA GARDE REPUBLICAINE DE TREICHVILLE;MIL
TREICHVILLE;CENTRE DE SANTE DES ARMEES DE LA GENDARMERIE DU PORT AUTONOME D'ABIDJAN;MIL
TREICHVILLE;CENTRE DE SANTE URBAIN A BASE COMMUNAUTAIRE DE TREICHVILLE ARRAS 3;CSU
TREICHVILLE;CENTRE HOSPITALIER UNIVERSITAIRE DE TREICHVILLE;CHU
TREICHVILLE;CENTRE INTREGRE DE RECHERCHE BIOLOGIQUE D'ABIDJAN (CIRBA);AUT
TREICHVILLE;CENTRE MEDICAL D'ENTREPRISE DU GROUPE CARRE D'OR;CMS
TREICHVILLE;CENTRE MEDICAL DE L'UNITE DE SOINS AMBULATOIRES ET DE CONSEILS (USAC) TREICHVILLE;CMS
TREICHVILLE;CENTRE MEDICAL DE LA BASE MARITIME DE TREICHVILLE;CMS
TREICHVILLE;CENTRE MEDICAL DU PORT AUTONOME D'ABIDJAN;CMS
TREICHVILLE;CENTRE MEDICAL SODECI SIEGE (TREICHVILLE);CMS
TREICHVILLE;CENTRE MEDICO SOCIAL SEMPA (Syndicat des Entrepreneurs de la Manutention du Port d'Abidjan);CMS
TREICHVILLE;CENTRE NATIONAL DE TRANSFUSION SANGUINE DE TREICHVILLE;AUT
TREICHVILLE;CREMOSS DE TREICHVILLE;CMS
TREICHVILLE;HÔPITAL GENERAL DE TREICHVILLE;HG
TREICHVILLE;INFIRMERIE DU CBCG DE TREICHVILLE;CMS
TREICHVILLE;INSTITUT NATIONAL D'HYGIENE PUBLIQUE-DISPENSAIRE ANTI-VENERIEN DE TREICHVILLE;INST
TREICHVILLE;INSTITUT NATIONALE DE FORMATION DES AGENTS DE LA SANTE (INFAS);INST
TREICHVILLE;SERVICE DE SANTE SCOLAIRE ET UNIVERSITAIRE SERVICE ADOLESCENT JEUNES DE TREICHVILLE;SSSU
TREICHVILLE;SERVICE MEDICAL DES GENS DE MER-VRIDI;CMS
VARALE;CENTRE DE SANTE RURAL DE VARALE;CSR
VAVOUA;CENTRE DE SANTE RURAL DE GBABO;CSR
VAVOUA;HÔPITAL GENERAL DE VAVOUA;HG
VAVOUA;PMI DE VAVOUA;PMI
VAVOUA;SERVICE DE SANTE SCOLAIRE ET UNIVERSITAIRE-SERVICE ADOLESCENT JEUNES DE VAVOUA;SSSU
VITRI 1;CENTRE DE SANTE RURAL DE VITRE 1;CSR
VITRI 2;CENTRE DE SANTE RURAL DE VITRE 2;CSR
VOUEBOUFLA;CENTRE DE SANTE URBAIN DE VOUEBOUFLA;CSU
WAHIN;CENTRE DE SANTE RURAL DE WAHIN;CSR
WALEBO;CENTRE DE SANTE RURAL DE WALEBO;CSR
WENDENE;DISPENSAIRE RURAL DE WENDENE;DISP
WOMON;DISPENSAIRE RURAL DE WOMON;DISP
WONSEALY;CENTRE DE SANTE RURAL DE WONSEALY;CSR
WORA;CENTRE DE SANTE RURAL DE WORA;CSR
WOROFLA;CENTRE DE SANTE URBAIN DE WOROFLA;CSU
YABAYO;CENTRE DE SANTE URBAIN DE YABAYO;CSU
YACOLI DABOUO;CENTRE DE SANTE URBAIN DE YACOLI DABOUO;CSU
YAKASE-ATTOBROU;HOPITAL GENERAL DE YAKASSE ATTOBROU;HG
YAKASSE FEYASSE;CENTRE DE SANTE URBAIN DE YAKASSE-FEYASSE;CSU
YAKASSE FEYASSE;HÔPITAL MARIA GRAZIA BADDUCCI ROSSI;HOP
YAKASSE ME;CENTRE DE SANTE URBAIN DE YAKASSE ME;CSU
YAKPABO-SAKASSOU;CENTRE DE SANTE URBAIN DE YAKPABO SAKASSOU;CSU
YAMOUSSOUKRO;CENTRE DE PROMOTION DE LA SANTE ET PREVENTION SOS VILLAGE D'ENFANTS YAMOUSSOUKRO;AUT
YAMOUSSOUKRO;CENTRE DE SANTE DES ARMEES 5ème COMPAGNIE GSPM DE YAMOUSSOUKRO;MIL
YAMOUSSOUKRO;CENTRE DE SANTE DES ARMEES 6eme LEGION GENDARMERIE DE YAMOUSSOUKRO;MIL
YAMOUSSOUKRO;CENTRE DE SANTE DES ARMEES DE LA GARDE REPUBLICAINE DE YAMOUSSOUKRO;MIL
YAMOUSSOUKRO;CENTRE DE SANTE DES ARMEES DES FORCES SPECIALES DE YAMOUSSOUKRO;MIL
YAMOUSSOUKRO;CENTRE DE SANTE URBAIN DE DIOULABOUGOU;CSU
YAMOUSSOUKRO;CENTRE HOSPITALIER REGIONAL DE YAMOUSSOUKRO;CHR
YAMOUSSOUKRO;CENTRE MEDICAL SODERTOUR-LACS;CMS
YAMOUSSOUKRO;CENTRE MEDICO-SOCIAL PRESIDENCE YAMOUSSOUKRO;CMS
YAMOUSSOUKRO;CREMOSS YAMOUSSOUKRO;CMS
YAMOUSSOUKRO;PMI DE YAMOUSSOUKRO;PMI
YAMOUSSOUKRO;SERVICE DE SANTE SCOLAIRE ET UNIVERSITAIRE SERVICE ADOLESCENT JEUNES YAMOUSSOUKRO 1;SSSU
YAMOUSSOUKRO;SERVICE DE SANTE SCOLAIRE ET UNIVERSITAIRE SERVICE ADOLESCENT JEUNES YAMOUSSOUKRO 2;SSSU
YAMOUSSOUKRO;SSSU-SAJ DE L'INPHB CENTRE DE YAMOUSSOUKRO;SSSU
YAMOUSSOUKRO;SSSU-SAJ DE L'INPHB SUD DE YAMOUSSOUKRO;SSSU
YAOBOU;CENTRE DE SANTE RURAL YAOBOU;CSR
YAOSSEDOUGOU;DISPENSAIRE RURAL DE YAOSSEDOUGOU;DISP
YAOU;CENTRE DE SANTE URBAIN YAOU;CSU
YAPLEU;CENTRE DE SANTE URBAIN DE YAPLEU;CSU
YAPO GARE;CENTRE DE SANTE RURAL DE YAPO GARE;CSR
YELLEU;CENTRE DE SANTE RURAL DE YELLEU;CSR
YEZIMALA;CENTRE DE SANTE URBAIN DE YEZIMALA;CSU
YOCOBOUE;CENTRE DE SANTE URBAIN DE YOCOBOUE;CSU
YOHOUDA;CENTRE DE SANTE RURAL DE YOHOUDA;CSR
YOPOHUE;CENTRE DE SANTE URBAIN DE YOPOHUE;CSU
YOPOUGON;AIBEF DE YOPOUGON;AUT
YOPOUGON;CENTRE ANTITUBERCULEUX DE YOPOUGON;CAT
YOPOUGON;CENTRE DE SANTE DE LA POLICE NATIONALE BRIGADE ANTI-EMEUTE DE YOPOUGON;MIL
YOPOUGON;CENTRE DE SANTE DE LA POLICE NATIONALE NOUVELLE BRIGARDE ANTI-EMEUTE DE YOPOUGON;MIL
YOPOUGON;CENTRE DE SANTE DES ARMEES 4ème COMPAGNIE GSPM DE YOPOUGON;MIL
YOPOUGON;CENTRE DE SANTE DES ARMEES ESCADRON 2/1 DE GENDAMERIE NATIONALE;MIL
YOPOUGON;CENTRE DE SANTÉ RURAL D'ABADJIN KOUTÉ;CSR
YOPOUGON;CENTRE DE SANTE URBAIN A BASE COMMUNAUTAIRE DE YOPOUGON AZITO;CSU
YOPOUGON;CENTRE DE SANTE URBAIN A BASE COMMUNAUTAIRE DE YOPOUGON NIANGON LOKOA;CSU
YOPOUGON;CENTRE DE SANTE URBAIN A BASE COMMUNAUTAIRE DE YOPOUGON WASSAKARA;CSU
YOPOUGON;CENTRE DE SANTE URBAIN DE YOPOUGON SANTE;CSU
YOPOUGON;CENTRE DE SANTE URBAIN-DPP MACA;CSU
YOPOUGON;CENTRE MEDICAL BAPTISTE OEUVRES ET MISSION DE YOPOUGON;CMS
YOPOUGON;CENTRE MEDICAL DES AFFAIRES MARITIMES DE YOPOUGON;CMS
YOPOUGON;CENTRE MEDICAL SCB YOPOUGON;CMS
YOPOUGON;CENTRE MEDICO SOCIAL UNIWAX;CMS
YOPOUGON;CENTRE MEDICO-CHIRUGICAL HYPERBARE DE ARSTM;CMS
YOPOUGON;CENTRE MEDICO-SOCIAL BETHESDA DE YOPOUGON;CMS
YOPOUGON;CREMOSS YOPOUGON;CMS
YOPOUGON;DISPENSAIRE DIOCESAIN SOEUR CATHERINE DE YOPOUGON-MAROC;DISP
YOPOUGON;FORMATION SANITAIRE URBAINE A BASE COMMUNAUTAIRE DE YOPOUGON GESCO;FSU
YOPOUGON;FORMATION SANITAIRE URBAINE A BASE COMMUNAUTAIRE DE YOPOUGON KOUTE;FSU
YOPOUGON;FORMATION SANITAIRE URBAINE A BASE COMMUNAUTAIRE DE YOPOUGON KOWEIT;FSU
YOPOUGON;FORMATION SANITAIRE URBAINE A BASE COMMUNAUTAIRE DE YOPOUGON PORT BOUET 2;FSU
YOPOUGON;FORMATION SANITAIRE URBAINE A BASE COMMUNAUTAIRE YOPOUGON NIANGON SUD;FSU
YOPOUGON;FORMATION SANITAIRE URBAINE DE YOPOUGON MICAO;FSU
YOPOUGON;FORMATION SANITAIRE URBANE A BASE COMMUNAUTAIRE YOPOUGON TOIT ROUGE;FSU
YOPOUGON;HOPITAL GENERAL DE YOPOUGON ATTIE;HG
YOPOUGON;INFIRMERIE DU LYCEE PROFESSIONNEL COMMERCIAL DE YOPOUGON;CMS
YOPOUGON;INSTITUT DES AVEUGLES DE YOPOUGON;INST
YOPOUGON;SERVICE DE SANTE SCOLAIRE ET UNIVERSITAIRE SERVICE ADOLESCENT JEUNES DE YOPOUGON EST;SSSU
YOPOUGON;SERVICE DE SANTE SCOLAIRE ET UNIVERSITAIRE-SERVICE ADOLESCENT JEUNES DE YOPOUGON OUEST-SONGON;SSSU
YOPOUGON;SOTRA YOPOUGON;CMS
YOPOUGON ANDOKOI;FORMATION SANITAIRE URBAINE A BASE COMMUNAUTAIRE YOPOUGON ANDOKOI;FSU
YOROBODI;CENTRE DE SANTE URBAIN DE YOROBODI;CSU
YORODOUGOU;CENTRE DE SANTE URBAIN DE YORODOUGOU;CSU
YOUNDOUO;CENTRE DE SANTE RURAL DE YONDOUO;CSR
ZADDI;CENTRE DE SANTE RURAL DE ZADDI;CSR
ZADIHOA;DISPENSAIRE DE ZADIOHA;DISP
ZAGNE;CENTRE DE SANTE COMPAGNIE HEVIOCOLE DE ZAGNE;CS
ZAGNE;CENTRE DE SANTE URBAIN DE ZAGNE;CSU
ZAGOUE;CENTRE DE SANTE RURAL DE ZAGOUE;CSR
ZAGUIETA;CENTRE DE SANTE URBAIN DE ZAGUIETA;CSU
ZAGUINASSO;CENTRE DE SANTE RURAL DE ZAGUINASSO;CSR
ZAHAKRO;CENTRE DE SANTE RURAL DE ZAHAKRO;CSR
ZAHIA;CENTRE DE SANTE RURAL DE ZAHIA;CSR
ZAÏPOBLY;CENTRE DE SANTE RURAL DE ZAIPOBLY;CSR
ZAMBAKRO;CENTRE DE SANTE RURAL DE ZAMBAKRO;CSR
ZAMBAKRO;INFIRMERIE CORPS DE TROUPES EFA ZAMBAKRO;CMS
ZANGAHA;CENTRE DE SANTE RURAL DE ZANGAHA;CSR
ZANZANSOU;CENTRE DE SANTE RURAL DE ZANZANSOU;CSR
ZANZRA;CENTRE DE SANTE RURAL DE ZANZRA;CSR
ZARANOU;CENTRE DE SANTE URBAIN DE ZARANOU;CSU
ZATTA;CENTRE DE SANTE URBAIN DE ZATTA;CSU
ZEAGLO;CENTRE DE SANTE URBAIN DE ZEAGLO;CSU
ZEALE;CENTRE DE SANTE URBAIN DE ZEALE;CSU
ZEGBAN;CENTRE DE SANTE RURAL DE ZEGBAN;CSR
ZEGBAO;CENTRE DE SANTE RURAL DE ZEGBAO;CSR
ZEGO;CENTRE DE SANTE URBAIN DE ZEGO;CSU
ZEO;CENTRE DE SANTE URBAIN DE ZEO;CSU
ZEPREGUHE;CENTRE DE SANTE RURAL DE ZEPREGUHE;CSR
ZERIBERI;CENTRE DE SANTE RURAL DE ZERIBERI;CSR
ZIASSO;CENTRE DE SANTE RURAL DE ZIASSO;CSR
ZIKISSO;CENTRE DE SANTE URBAIN DE ZIKISSO;CSU
ZIOGOUINE;DISPENSAIRE RURAL DE ZIOGOUINE;DISP
ZOHOA;CENTRE DE SANTE RURAL DE ZOHOA;CSR
ZONNEU;CENTRE DE SANTE RURAL DE ZONNEU;CSR
ZOROFLA;CENTRE DE SANTE RURAL DE ZOROFLA;CSR
ZOU;CENTRE DE SANTE URBAIN DE ZOU;CSU
ZOUAN HOUNIEN;CENTRE DE SANTE URBAIN DE TEAPLEU;CSU
ZOUAN HOUNIEN;CENTRE DE SANTE URBAIN ZOUAN HOUNIEN QUARTIER YACOUBA;CSU
ZOUAN HOUNIEN;HÔPITAL GENERAL DE ZOUAN-HOUNIEN;HG
ZOUAN HOUNIEN;SERVICE DE SANTE SCOLAIRE ET UNIVERSITAIRE SERVICE ADOLESCENT JEUNES DE ZOUAN HOUNIEN;SSSU
ZOUHOUNOU;CENTRE DE SANTE RURAL DE ZOUHOUNOU;CSR
ZOUKOUGBEU;CENTRE DE SANTE URBAIN SAINTE MICHEL DE ZOUKOUGBEU;CSU
ZOUKOUGBEU;HÔPITAL GENERAL DE ZOUKOUGBEU;HG
ZRALUO;CENTRE DE SANTE RURAL DE ZRALUO;CSR
ZUENOULA;HÔPITAL GENERAL DE ZUENOULA;HG
ZUENOULA;PMI DE ZUENOULA;PMI
ZUZUA;DISPENSAIRE RURAL BEZIBOUO-ZUZUA;DISP
ZUZUOKO;DISPENSAIRE RURAL DE ZUZUOKO;DISP
