localite;latitude;longitude;trouve
ABBE-BROUKOI;5.4470381;-4.0627018;oui
ABENGOUROU;6.7269042;-3.4968431;oui
ABIATY;5.2898360;-3.1706880;oui
ABIGUI;6.6946200;-4.8337910;oui
ABOBO;5.4263155;-4.0202247;oui
ABOISSO;5.7126260;-3.2076104;oui
ABOKOUMAN;;;non
ABONGOUA;6.2470860;-3.5433470;oui
ABOUABOU;5.2939640;-3.9077160;oui
ABOUDE;5.8980070;-4.5615469;oui
ABRADINOU;6.1873110;-3.4549260;oui
ABY;5.3050220;-3.1691600;oui
ADANDIA;7.7592870;-3.0092568;oui
ADAOU;5.4281990;-3.2640400;oui
ADAROME;5.5804330;-4.1904880;oui
ADIAKE;5.2318902;-3.2582479;oui
ADIOPODOUME;5.3414445;-4.1332269;oui
ADJAHUI COUBE;;;non
ADJAME;5.3531211;-4.0222008;oui
ADONKOI 2;5.4081000;-4.2226340;oui
ADOUKOFFIKRO;6.6980761;-3.4617384;oui
ADZOPE;6.1058336;-3.8640409;oui
AFFALIKRO;6.6454783;-3.3838098;oui
AFFERY;6.3203753;-3.9523616;oui
AFFIENOU;5.4111850;-2.9247850;oui
AFFIKRO;6.1316796;-4.7395492;oui
AGBAOU;6.0801943;-5.2171573;oui
AGBOVILLE;5.9307328;-4.2131327;oui
AGNI ASSIKASSO;7.1095890;-4.0657120;oui
AGNIBILEKROU;7.0648415;-3.3287147;oui
AGNIKRO;5.7169847;-4.8833371;oui
AGOU;5.9828880;-3.9439330;oui
AHEREMOU II;6.2551520;-4.9301890;oui
AHIGBE KOFFIKRO;5.4075500;-3.3802330;oui
AHIZABRE;6.0494779;-6.1005947;oui
AHONDO;6.3071088;-5.1510430;oui
AHOUABO;6.2395840;-3.7921800;oui
AHOUAKRO;6.1295877;-4.8926053;oui
AHOUANOU;5.5056520;-4.8587960;oui
AHOUATY;6.1096000;-4.9730390;oui
AHOUE;5.4977650;-3.9457821;oui
AHOUGNASSOU-ALLAHOU;7.1621932;-5.0499870;oui
AHUIKOI;6.1662623;-3.7193227;oui
AHUITIESSO;7.5548660;-2.9913430;oui
AKAKRO;7.8270858;-5.0170612;oui
AKAKRO N'ZIPRIS;;;non
AKANANGBO;7.5484672;-3.8872984;oui
AKOBOISSUE;6.9634800;-3.2324040;oui
AKOUE;6.9536962;-5.3793438;oui
AKOUNOUGBE;5.1827820;-3.1783600;oui
AKOUPE;6.3815237;-3.8859041;oui
AKOUPE-ANYAMA (ZEUDJI);;;non
AKPASSANOU;7.3538510;-4.4507380;oui
AKPESSEKRO;6.7355839;-5.3036797;oui
AKROUFLA;6.3396510;-5.4912320;oui
ALEPE;5.4966091;-3.6638901;oui
ALLOKOI;5.3973830;-4.1488400;oui
AMAN SALEKRO;7.2524772;-5.5791473;oui
AMANKRO;7.4162401;-3.9943028;oui
AMANVI;7.9683450;-3.1364710;oui
AMELEKIA;6.8761047;-3.6462146;oui
AMIAN KOUASSIKRO;6.4664215;-3.6405824;oui
AMORIAKRO;7.0994080;-3.5282140;oui
AMOROKI;7.0879340;-4.1615510;oui
ANANDA;7.2839672;-4.2554491;oui
ANANGUIE;6.0779009;-4.4711723;oui
ANCIEN PROZI;7.6715987;-6.9685449;oui
ANDE;5.3922625;-3.9762287;oui
ANDO-KEKRENOU;7.5035029;-5.5733362;oui
ANDOFOUE BONON;;;non
ANGONDA;6.6770860;-5.0226804;oui
ANGUEDEDOU;5.4041220;-4.2030720;oui
ANIASSUE;6.6554231;-3.6818563;oui
ANNO;5.8588693;-4.3809830;oui
ANOUMABA;6.3369420;-4.5181070;oui
ANYAMA;5.4960537;-4.0512414;oui
ANYAMA-ADJAME;5.4894459;-4.0315385;oui
ANYANOU;;;non
APPIMANDOUM;7.8956966;-2.8727262;oui
APPOISSO;6.5544469;-3.4295694;oui
APPOUASSO;5.9630460;-3.1760520;oui
APPROMPRONOU;6.9995120;-3.3586163;oui
ARRAH;6.6745413;-3.9701270;oui
ARROSSUA;;;non
ASSAHARA;6.6664320;-4.4977480;oui
ASSANDRE;7.3714169;-5.3980954;oui
ASSANOU;6.9770492;-5.1717844;oui
ASSE N'GATTAKRO;7.0574086;-5.0953838;oui
ASSIE KOUMASSI;6.8204453;-4.2491225;oui
ASSIKA KAYABO;6.8709357;-4.3996544;oui
ASSIKOI;5.9932560;-3.8092300;oui
ASSINIE FRANCE;5.1266017;-3.2757828;oui
ASSINIE MAFIA;5.1465758;-3.2755496;oui
ASSIRIKRO;7.5906244;-5.1682950;oui
ASSOMLAN;5.2003880;-3.2955460;oui
ASSOUBA;5.4590959;-3.2558322;oui
ASSOUINDE;5.1652912;-3.4690940;oui
ASSUAME;7.1657151;-3.2124943;oui
ASSUEFRY;7.6993299;-2.9809712;oui
ATTECOUBE;5.3481717;-4.0340760;oui
ATTIEGOUAKRO;6.7760146;-5.1178031;oui
ATTIEKOI;5.5375371;-3.9663653;oui
ATTIENKRO;7.7272833;-5.0136843;oui
ATTIGUEI;;;non
ATTINGUIE;5.4673860;-4.1854920;oui
ATTOBROU;6.0902120;-4.0588970;oui
AYAME;5.6060185;-3.1571915;oui
AYENOUAN;5.3864482;-3.3242472;oui
AZAGUIE;5.6327759;-4.0855505;oui
AZAGUIE-BLIDA;5.5256090;-4.0908010;oui
BABADOUGOU;8.3438032;-7.8379374;oui
BABAKRO;7.7695140;-3.9794200;oui
BABIEN;7.9535593;-6.8710278;oui
BADIKAHA;9.1916560;-5.1649860;oui
BAGO;5.4928480;-4.2686790;oui
BAGOHOUO;6.8903750;-7.1930650;oui
BAGOLIEDOUA;;;non
BAHOUAKAHA;;;non
BAKANDESSO;7.8865624;-7.6730398;oui
BAKANOU A;5.5932916;-4.6342360;oui
BAKANOU B;5.6156500;-4.6137440;oui
BAKO;9.1395890;-7.6109360;oui
BAKOUBLY;;;non
BALALA;9.4427680;-7.9845810;oui
BALEKAHA;;;non
BALEKO;5.4308473;-6.0293784;oui
BALEYO;5.7606830;-6.5470519;oui
BAMORO;7.8331233;-5.0441123;oui
BANACOMOE;;;non
BANANDJE;8.8191873;-6.7449524;oui
BANDAKAGNI-SOKOURA;8.1111800;-3.6279940;oui
BANDIAHI;7.5679059;-6.3663197;oui
BANGOLO;7.0119038;-7.4867606;oui
BANGOUA;7.3354200;-3.4730300;oui
BANIA;9.0172500;-3.1748638;oui
BANNEU;7.0718560;-8.2510170;oui
BANNONFLA;6.7523227;-6.1070252;oui
BAROUHIO;6.1248155;-5.9613108;oui
BASSAWA;8.0515440;-4.1032880;oui
BAYA;9.9053100;-6.2478110;oui
BAYEKOU BASSI;6.2105330;-5.9111080;oui
BAYOTA;6.4647740;-5.9542670;oui
BAZRA-NATIS;;;non
BAZRE;6.7232563;-5.4867790;oui
BECEDI;5.6416680;-4.5821640;oui
BECOUEFIN;6.4808550;-3.8462500;oui
BEDIALA;7.1568770;-6.3060089;oui
BEDY GOAZON;6.5650110;-7.7772720;oui
BEKORA;6.6372469;-6.4402646;oui
BELEDOUGOU;;;non
BELLEVILLE;6.8753548;-6.8493748;oui
BELLEVILLE 2;7.7264327;-4.9997368;oui
BEMADI;6.4944606;-6.6414929;oui
BENDIE KOMENANKRO;7.2043910;-3.9679090;oui
BENGASSOU;6.7941910;-4.4851440;oui
BEOUMI;7.6745381;-5.5827323;oui
BERENI-DIALLA;8.0036433;-6.8609435;oui
BETTIE;6.1144796;-3.3097384;oui
BIANKOUMAN;;;non
BIANOUAN;6.0113870;-3.1916050;oui
BIANTOUO 2;6.8539820;-8.1741540;oui
BIDIE;6.1944515;-5.6259421;oui
BIEBY;6.0787250;-3.6354750;oui
BILIMONO;8.9219780;-4.1478610;oui
BIN-HOUYE;6.7828738;-8.3163906;oui
BINAO;6.9317948;-7.4646951;oui
BINGERVILLE;5.3577727;-3.8885591;oui
BINGORO;7.8306071;-7.0301689;oui
BINOUFLA;6.6735530;-5.8841660;oui
BINZRA;7.3259729;-6.0071558;oui
BIZIAKA;;;non
BLAGBOKAHA;9.3776174;-5.5746174;oui
BLAPLEU;7.6392661;-7.7378577;oui
BLENIMEOUIN;7.1380166;-7.1783237;oui
BLESSEGUE;10.1992771;-6.4077848;oui
BLESSEOUA;6.2516030;-6.4609880;oui
BLOLEQUIN;6.5705513;-8.0032730;oui
BOBI;8.1614430;-6.5500590;oui
BOBIA;6.0742032;-5.8355620;oui
BOBOLILIE;5.7371352;-5.9166961;oui
BOBREGUHE;6.5383394;-6.5666397;oui
BOCANDA;7.0630650;-4.4972477;oui
BODO;5.9080375;-4.6845768;oui
BODOKRO;7.8609092;-5.4776421;oui
BOGOFA;8.6059831;-3.1589913;oui
BOGOUINE;7.2575471;-7.5965635;oui
BOGREGNOA;6.0754751;-6.0160711;oui
BOGREKO;5.6141965;-6.2978283;oui
BOGUEDIA;6.6353870;-6.5195616;oui
BOKALA-NIAMPONDOUGOU;8.4060270;-4.6056444;oui
BOKEDA;6.3609395;-5.7129713;oui
BOLI;7.2264830;-4.8066590;oui
BOLONA;10.2966590;-6.4375560;oui
BONAHOUIN;6.5647410;-3.7606630;oui
BONDO;8.2232705;-3.1950073;oui
BONDOUKOU;8.0843390;-2.7992572;oui
BONGO;5.5096702;-3.5488911;oui
BONGOUANOU;6.6475288;-4.2046603;oui
BONGUERA;7.6666260;-4.2433490;oui
BONIANKRO;7.0105178;-4.8992703;oui
BONIEREDOUGOU;8.3734143;-4.7161457;oui
BONIKRO;6.3867560;-5.2259200;oui
BONON;6.9269200;-6.0442776;oui
BONOUA;5.2736582;-3.5966802;oui
BONOUFLA;7.1271577;-6.4770282;oui
BONZI;6.8333034;-5.3357477;oui
BOODA;6.3607530;-5.6881680;oui
BOOKO;8.8739475;-7.7903385;oui
BOROBO;7.7948303;-4.9647646;oui
BOROTOU;8.7346709;-7.4933263;oui
BOROTOU KORO;8.4771613;-7.1876687;oui
BOTINDE;5.7780950;-4.7552410;oui
BOTRO;7.8525444;-5.3103708;oui
BOUAFLE;6.9801810;-5.7458332;oui
BOUAKE;7.6890212;-5.0283552;oui
BOUENEU;6.9250470;-8.2272670;oui
BOUGOU;10.2201806;-5.8665061;oui
BOUGOUSSO;9.2569560;-7.8241570;oui
BOUKO;9.4790227;-3.1722548;oui
BOUNA;9.2687219;-2.9989845;oui
BOUNDA;7.6219890;-4.7370280;oui
BOUNDIALI;9.5232291;-6.4820197;oui
BOUSSOUKRO;5.8812328;-4.6955932;oui
BOYO;9.9547770;-6.3782630;oui
BRAFFOUEBY;;;non
BRIBOUO;6.8694097;-6.5056810;oui
BRIGNAN;5.9090880;-4.0128050;oui
BRINGAKRO;6.4136850;-5.0904200;oui
BROBO;7.6408009;-4.8254775;oui
BROKOUA;6.5793297;-6.5469121;oui
BROMA;6.4837149;-6.3846700;oui
BROMBIREDOUO;;;non
BROU AHOUSSOUKRO;6.8278946;-4.5286502;oui
BROUBROU;5.7247670;-4.8237030;oui
BROUKRO;7.6699180;-5.0520610;oui
BROZAN;6.3987320;-5.5030560;oui
BUYO;6.2507192;-7.0057256;oui
CAFETOU;;;non
CEWEKE;;;non
CHIEPO;5.6951940;-5.0625140;oui
COCODY;5.3573670;-3.9949340;oui
DABADOUGOU;9.5806641;-7.1631164;oui
DABADOUGOU MAFELE;9.7394670;-7.8728490;oui
DABAKALA;8.3632380;-4.4284860;oui
DABOU;5.3239991;-4.3722982;oui
DABOUNGO;;;non
DABOUYO;5.5510739;-6.0387479;oui
DADEGUHE;6.5191650;-6.7507640;oui
DADIASSE;7.8128040;-2.9476890;oui
DAHIEPA-KEHI;6.2125580;-5.8462770;oui
DAHIRA 2;6.5416940;-6.3210674;oui
DAHIRI;5.2831718;-5.5257909;oui
DAIRO-DIDIZO;5.6580727;-5.4698549;oui
DALEU;7.5108490;-8.1060250;oui
DALIGUEPA;6.1429000;-5.8852310;oui
DALILIE;5.9427551;-5.8071621;oui
DALOA;6.8869233;-6.4529859;oui
DAME;7.0660453;-3.1462227;oui
DANANE;7.2631278;-8.1546282;oui
DANANON;7.6086572;-6.3639444;oui
DANIA;7.1523989;-6.8416126;oui
DANOA;9.6871308;-3.0798088;oui
DAOUKRO;7.0579401;-3.9660686;oui
DAPEOUA;6.1499598;-6.8599269;oui
DAPKADOU;;;non
DAR ES SALAM;7.7213230;-5.0323123;oui
DARAKOKAHA;8.2916970;-5.1594762;oui
DASSIOKO;5.1138221;-5.8352949;oui
DASSOUNGBOHO;9.3886070;-5.7858410;oui
DEBETE;10.6197169;-6.6438961;oui
DEBRIMOU;5.3671610;-4.3901760;oui
DEDIAFLA;7.2847599;-6.5871914;oui
DEGAULLEKRO;6.5522586;-6.2120495;oui
DEKAFOUDOUGOU;;;non
DELBO 2;6.1540246;-5.9391101;oui
DEMELEKOUKRO;;;non
DENGBE PEPRESSOU;;;non
DERAHOUAN;6.9015679;-6.4069605;oui
DIABO;7.7881544;-5.1709932;oui
DIABOUO;5.9789717;-6.0668982;oui
DIAHOUIN;6.8451059;-7.4082590;oui
DIALAKORO;8.1930966;-5.8438717;oui
DIAMAKANI;;;non
DIAMARAKRO;6.2368070;-3.3200600;oui
DIAMBA;7.8097450;-3.3125390;oui
DIANRA;8.9525209;-6.2547072;oui
DIARABANA;8.1864880;-6.6085130;oui
DIASSA;6.3848953;-6.7159337;oui
DIAWALA;10.1085010;-5.4727990;oui
DIBY;5.6577440;-2.9784530;oui
DIDA MOUESSOU;;;non
DIDIA;6.4348366;-5.8523115;oui
DIDIEVI;7.1286600;-4.8980410;oui
DIDOKO;6.0192398;-5.3111097;oui
DIEDOU-PAMBASSO;;;non
DIEGONEFLA;6.2844847;-5.5764064;oui
DIEKADIOKRO;6.4956033;-4.4106103;oui
DIEOUZON;7.1557480;-7.3221950;oui
DIGBAPIA;6.8316270;-6.6271712;oui
DIGNAGO;6.2916390;-6.2794254;oui
DIKODOUGOU;9.0704857;-5.7726124;oui
DIMANDOUGOU;8.0120408;-3.7728777;oui
DIMBOKRO;6.6494254;-4.7040555;oui
DIOMAN;8.1327630;-7.5452880;oui
DIOULATIEDOUGOU;8.9753549;-7.2370359;oui
DIVO;5.8405332;-5.3549049;oui
DJAMADIOKE;;;non
DJANGOKRO;7.2228308;-5.0010506;oui
DJEBONOUA;7.5188587;-5.0706750;oui
DJEKANOU;6.4695268;-5.1142493;oui
DJEMISSIKRO;5.2659350;-2.9745570;oui
DJENEDOUFLA;6.6522545;-5.8056184;oui
DJIBROSSO;8.7696220;-7.0008300;oui
DJIDJI;6.1532128;-5.6920513;oui
DJOUROUTOU;5.3675800;-7.2841240;oui
DOBA;5.2008890;-6.8308842;oui
DODOUGNOA;6.0193985;-5.8018170;oui
DOGBO;4.9419422;-7.0435551;oui
DOHIRIGUEKAHA;9.4677097;-5.3919505;oui
DOKE;6.5928110;-8.1120520;oui
DOROPO;9.8095188;-3.3458764;oui
DOUGBA;10.2576404;-6.4266956;oui
DOUGROUPALEGNOA;5.9909961;-5.9349793;oui
DOUKOUYO;5.8423290;-5.9713410;oui
DUALLA;8.1239830;-6.5409910;oui
DUBAI;5.4033150;-3.9801870;oui
DUEKOUE;6.7453048;-7.3432667;oui
DUFFREBO;7.0897640;-3.4462440;oui
DUOKRO;6.6668974;-5.2356627;oui
EBIKRO N'DAKRO;5.7249970;-3.1109860;oui
EBILASSOKRO;6.3781794;-3.3479736;oui
EBIMPE;5.4995714;-4.0800574;oui
EBOKO;5.1492899;-3.0867720;oui
EBOUE;5.3440710;-3.1255020;oui
EBOUNOU;;;non
EBRAH;5.2791131;-3.7382512;oui
EDJAMBO;5.1978318;-2.9632580;oui
EHUASSO;6.3255752;-3.4439023;oui
ELEHOBABO;;;non
ELEVI;5.6515930;-4.1923180;oui
ELINSO;6.9666570;-3.6877479;oui
ELLIBOU;5.6890570;-4.5131493;oui
EPLEMLAN;5.2981378;-3.2656268;oui
ESSIKRO;7.9216990;-3.3176410;oui
ETICOON;5.9266333;-4.9608862;oui
ETTROKRO;7.2589250;-3.7597319;oui
ETUEBOUE;5.2108493;-3.2147260;oui
ETUESSIEKA;;;non
FACOBLY;7.3886375;-7.3761531;oui
FADJADOUGOU;;;non
FAGNAMPLEU;7.4476970;-7.4011450;oui
FAMIENKRO;7.8632226;-3.9856387;oui
FARAKORO-BADA;8.7974451;-5.8999639;oui
FENGOLO;6.7848040;-7.3931400;oui
FERENTELLA;8.2373995;-7.7975035;oui
FERKE;9.5939778;-5.1975952;oui
FERKESSEDOUGOU;9.5939778;-5.1975952;oui
FOBEDOUGOU;8.2338969;-7.7400112;oui
FODIO;9.5150030;-6.2222330;oui
FODIOLOKAHA;9.4871024;-5.3572827;oui
FORONA;8.1335263;-6.6238575;oui
FOUMBOLO;8.6421277;-4.6477227;oui
FOUNGBESSO;7.9483324;-7.6764215;oui
FRESCO;5.1452829;-5.6278719;oui
GABAGUHE;6.1943898;-6.5637732;oui
GABIA;6.3085418;-5.3725478;oui
GABIADJI;5.0201412;-6.5588894;oui
GADAGO;6.1526940;-6.4390612;oui
GADOUAN;6.6754023;-6.1542428;oui
GAGNOA;6.1334787;-5.9510987;oui
GAGORE;6.0501372;-5.6292961;oui
GAHOULOU;;;non
GALEBRE;6.0055030;-6.2940796;oui
GAMA;7.6193300;-7.7005680;oui
GAMINA;;;non
GANAONI;9.2849820;-6.3228510;oui
GANHOUE;8.1876750;-7.8506390;oui
GAZIBOUO;6.3659822;-6.4910746;oui
GBAGBAM;5.4653720;-5.5874761;oui
GBALOKUYO;;;non
GBAN-HOUYE;7.3315290;-8.3553470;oui
GBANGBEGOUINE YATI;7.3308710;-7.6744920;oui
GBANGBO-N'DAKRO;7.5238480;-3.9439130;oui
GBANHUI;8.3341973;-3.0686646;oui
GBAPLEU;6.4793237;-7.1583802;oui
GBEGBESSOU;7.1078051;-4.9402916;oui
GBELEBAN;9.5834530;-8.1304389;oui
GBELO;8.1478110;-7.7591532;oui
GBEMAZO;8.5123369;-6.9393751;oui
GBESSE;5.8394020;-4.2926400;oui
GBETOGO;8.1265979;-6.9429132;oui
GBOGOLO;7.7933196;-6.4449685;oui
GBOGUHE;6.7572760;-6.5837050;oui
GBOHUA;6.3159277;-5.1257229;oui
GBOLO;7.9827945;-6.7094733;oui
GBON;10.0119859;-6.5716547;oui
GBONGAHA;9.1168670;-6.8966600;oui
GBONNE;7.5319224;-7.4159260;oui
GBONOU;7.1473241;-4.4029311;oui
GBONZORO;9.5310781;-5.5842032;oui
GLOPLOU;7.1126349;-7.3533921;oui
GNAGBODOUGNOA;5.9661140;-5.8413487;oui
GNAGO 1;5.2435874;-5.7929814;oui
GNALELEKAHA;9.4162435;-5.6091622;oui
GNAMANGUI;5.7945047;-6.6807389;oui
GNIGBAWA;6.0707363;-6.3288421;oui
GNIPI 2;5.6685485;-6.6439139;oui
GNITITOUADJI;;;non
GNOBGOYO;;;non
GOBAZRA;6.9449865;-5.9693635;oui
GOGO;9.7724767;-3.5213719;oui
GOGOGUHE;6.9008010;-6.4109731;oui
GOHITAFLA;7.4905838;-5.8799547;oui
GOHOUO ZAGNA;7.0509833;-7.3906519;oui
GOLIHOA;6.3174044;-6.3749106;oui
GOMON;5.7242482;-4.4394777;oui
GONATE;6.9011500;-6.2436959;oui
GOTONGOUINE 1;7.1740422;-7.7499204;oui
GOUDOUKO;5.7366540;-5.6158110;oui
GOULALEU;6.7027560;-8.3631367;oui
GOULIA;10.0176500;-7.2004530;oui
GOUMERE;7.8962960;-2.9801260;oui
GRABO;4.9238146;-7.4960474;oui
GRAND BASSAM;5.2128840;-3.7432260;oui
GRAND BEREBY;4.6507586;-6.9247355;oui
GRAND GBAPLEU;7.4052720;-7.5320666;oui
GRAND-LAHOU;5.2503434;-5.0024449;oui
GRAND-MORIE;5.9825549;-4.1354766;oui
GRAND-YAPO;5.8263390;-4.1545240;oui
GRAND-ZATTRY;6.1189514;-6.5383221;oui
GREGBEU;6.8017155;-6.7343878;oui
GRIPAZO;5.8298986;-6.5941787;oui
GROUMANIA;7.9199800;-4.0002040;oui
GUEHIEBLY;6.8936785;-7.4320486;oui
GUEMENEDOU;6.2115284;-6.0217293;oui
GUEPAHOUO;6.4780067;-5.6896803;oui
GUESSABO;6.7366760;-6.9548700;oui
GUESSIGUIE;5.7385260;-4.2354970;oui
GUESSIHIO;6.1092413;-6.0019866;oui
GUEYO;5.6911760;-6.1395867;oui
GUEZON;6.7387474;-7.1166092;oui
GUIBEROUA;6.2388602;-6.1713177;oui
GUIBOUO;6.0316752;-6.0329853;oui
GUIEMBE;9.2329830;-5.7127700;oui
GUIENDE;7.8547700;-3.0908700;oui
GUIGLO;6.4303403;-7.5909032;oui
GUINGLO-GUEZON;;;non
GUINGLO-TAHOUAKE;7.0351090;-7.1648990;oui
GUINKIN;6.5666950;-7.7227730;oui
GUINTEGUELA;8.2904410;-7.3092720;oui
GUITRY;5.5084510;-5.1537014;oui
HERMANKONO GARO;5.9269134;-5.0196528;oui
HIRE;6.1863684;-5.2960098;oui
IBOGUHE;6.5044725;-6.8464857;oui
IGUELA;7.7249535;-3.2260410;oui
IRHO LA ME;5.4551204;-3.8462126;oui
IRIEFLA;7.6871160;-5.8497423;oui
ISSAKRO;5.5149292;-6.7023587;oui
ISSIA;6.4877871;-6.5887859;oui
JACQUEVILLE;5.2076511;-4.4195117;oui
KABALA;9.5533450;-7.9153950;oui
KACOUKRO;5.2960490;-3.3775180;oui
KAFOLO-BAC;9.5861092;-4.3120299;oui
KAGBOLODOUGOU;9.3968570;-5.4037680;oui
KAHANSO;9.2529070;-7.6062170;oui
KAHIN-ZARABAON;6.9135932;-7.6318695;oui
KAKOUKRO LIMITE;;;non
KAKPIN;8.6550568;-3.7823524;oui
KALA KALA;5.4567344;-4.0529788;oui
KALAMON;9.8228540;-3.1653270;oui
KALOA;10.0035700;-6.0497358;oui
KALTOUDOUO;8.7680064;-3.0150086;oui
KAMALO;7.7711623;-7.1103765;oui
KAMASSELLA;8.2539263;-7.7256836;oui
KANAKONO;10.3554997;-6.2372276;oui
KANANGONON;8.3000376;-5.0563717;oui
KANGAGUI;5.7176038;-6.8089915;oui
KANGANDI;;;non
KANI;8.4772526;-6.6032747;oui
KANIASSO;9.8146730;-7.5111010;oui
KANOROBA;9.1108750;-6.1223780;oui
KANTARA;9.8052349;-3.1338501;oui
KANZRA;7.3231640;-6.2209950;oui
KAOVANA;;;non
KARABIRI;9.0469998;-6.9408864;oui
KARAKORO;9.3889390;-5.5210911;oui
KASSASSO;5.9713615;-4.7661024;oui
KASSERE;9.8268243;-6.2171409;oui
KASSIONGOKORO;10.1087408;-5.7294854;oui
KATADJI;5.6693567;-4.5397756;oui
KATCHIENOU;5.8479909;-5.1285394;oui
KATIA;10.1966956;-5.5692554;oui
KATIALI;9.8226820;-5.9338050;oui
KATIMANSOU;;;non
KATIOLA;8.0912137;-5.1507082;oui
KATO;8.4874044;-6.8305679;oui
KATOGO;10.1481628;-6.1292553;oui
KAYETA;6.6400588;-5.6536299;oui
KEKERENI;;;non
KENEGBE NORD;8.1295668;-6.6827696;oui
KETESSO;5.8779620;-3.1740710;oui
KIBOUO;6.8289856;-6.5151604;oui
KIEMOU;9.0613669;-5.5504290;oui
KIMBIRILA-NORD;10.3570538;-7.5173736;oui
KIMBIRILA-SUD;9.7067769;-7.6088750;oui
KOFFI-AMONKRO;7.4689475;-3.9617169;oui
KOFFISSIOKAHA;8.1363071;-4.9028511;oui
KOGBERA;8.0139320;-4.5891610;oui
KOITIENKRO;6.8934685;-3.6123021;oui
KOKOMIAN;7.2907471;-3.0370734;oui
KOKUMBO;6.5417134;-5.2559473;oui
KOLIA;9.7654066;-6.4611893;oui
KOLIBO;6.6678174;-4.7418550;oui
KOLON;8.2662785;-7.2193753;oui
KOMBOLOKOURA;9.3320106;-5.8870576;oui
KOMBORODOUGOU;9.3263370;-5.4292160;oui
KONADIKRO;;;non
KONAN KOKOREKRO;6.6961750;-5.0709621;oui
KONAN-N'DAKRO;;;non
KONANKRO MIZRON;7.8341308;-5.0793338;oui
KONDROBO;7.8334753;-5.7475697;oui
KONEDOUGOU;5.8783334;-6.5019080;oui
KONG;9.1486810;-4.6106480;oui
KONGASSO;7.8139530;-6.0775900;oui
KONGOBO;7.7604308;-5.4789537;oui
KONGOTI;7.4132642;-4.0746482;oui
KONGOUANOU;7.0013641;-5.3269933;oui
KONI;9.5876191;-5.6861276;oui
KONONFLA;6.6675183;-5.6150198;oui
KOONAN;8.3621601;-7.9701870;oui
KOREAHINOU;6.4789394;-7.1212435;oui
KOREGUHE;6.1734944;-6.6632510;oui
KORHOGO;9.4580698;-5.6316293;oui
KORO;8.5536789;-7.4623837;oui
KOROBO;7.7113455;-3.1017936;oui
KOROKOPLA;7.8830565;-5.9666406;oui
KORONANI;10.3940975;-5.6329872;oui
KOSSEHOA;6.0721947;-6.2990496;oui
KOSSIHOUEN;5.5223960;-4.2922904;oui
KOSSOU;6.9248109;-5.4419901;oui
KOTABLIEOUA;6.2129692;-6.5164442;oui
KOTIESSOU;6.1782670;-5.0612340;oui
KOTOBI;6.6973030;-4.1264720;oui
KOUA;7.5057110;-7.2702490;oui
KOUADIOBLEKRO;6.9341610;-4.3171650;oui
KOUAKOUSSEKRO;7.2901300;-4.1544890;oui
KOUAKRO;5.4439950;-2.9064230;oui
KOUAMEFLA;6.5898679;-5.4221813;oui
KOUAN HOULE;7.3927880;-8.2609290;oui
KOUASSI DATEKRO;7.8175000;-3.5255560;oui
KOUASSI N'DAWA;8.1184770;-2.9108650;oui
KOUASSI SERANOU;7.6541800;-2.9120311;oui
KOUASSI-KOUASSIKRO;7.3414140;-4.6770900;oui
KOUASSIA-NIAGUINI;7.3888930;-3.0374920;oui
KOUASSIKRO;7.5474590;-3.9568050;oui
KOUBAN;10.2445274;-7.4153132;oui
KOUBEBO;7.7382427;-5.5268534;oui
KOUDOULILIE;5.8421301;-5.6876457;oui
KOUETINFLA;6.6190760;-6.0454566;oui
KOUIBLY;7.2568170;-7.2353970;oui
KOUKOURANDOUMI;5.5171390;-3.1771920;oui
KOUMASSI;5.2927045;-3.9585801;oui
KOUMBALA;9.5132647;-5.1595317;oui
KOUN FAO;7.4879991;-3.2517544;oui
KOUNAHIRI;7.7887394;-5.8352918;oui
KOUTO;9.8927311;-6.4127605;oui
KOUTOUBA;8.6905500;-3.1939840;oui
KPADA;5.7793341;-6.4846785;oui
KPAFONON;9.6897916;-6.4984484;oui
KPANGBAMBO;7.7824974;-5.0791773;oui
KPANGBANKRO;;;non
KPAPEKOU;6.2509618;-5.9504731;oui
KPATA;7.7191250;-7.5458080;oui
KPESSO;8.4098571;-5.8856459;oui
KRAGBALILIE;5.9139690;-5.8679337;oui
KRAGUI;5.4361367;-6.6321568;oui
KRAKRO-BOAHIA;;;non
KREGBE;6.9724910;-3.9841640;oui
KRINDJABO;5.3961000;-3.2122237;oui
KRIPAHIO;6.1081424;-6.1084971;oui
KROFOINSOU;7.9428708;-5.2410568;oui
KROUKRO MAFELE;;;non
KROUKROUBO;6.6152100;-5.2903270;oui
LABOKRO;6.8031908;-5.0501942;oui
LAHOUDA;6.2094323;-5.7034388;oui
LAHOURIDOU;5.6172244;-6.0399056;oui
LAKOTA;5.8511202;-5.6827839;oui
LALERABA;10.1580277;-5.0791922;oui
LAMEKAHA 2;9.2705026;-5.6415502;oui
LANDIOUGOU;9.7828350;-6.2915580;oui
LANGUIBONOU;7.7008950;-5.2619740;oui
LAOUDI-BA;8.2884510;-2.9609130;oui
LARABIA;5.3390790;-3.4574050;oui
LATAHA;9.6259499;-5.5437883;oui
LAUZOUA;5.2032680;-5.3101330;oui
LEKIKRO;7.1639350;-4.1086520;oui
LELEBLE;6.2331070;-5.2234100;oui
LELEBREKOUA;6.1726400;-5.8128840;oui
LEOMIDOUO;9.0358784;-2.9039191;oui
LILIYO;5.9964845;-6.3591743;oui
LINGUEZAN;7.6996939;-3.9338125;oui
LOGBAKRO;6.7354866;-5.2028975;oui
LOGOBIA;6.1852690;-5.7886800;oui
LOGOUALE;7.1074292;-7.5511449;oui
LOKAHA 2;9.5283228;-5.3577562;oui
LOLOBO;6.9727130;-5.1746991;oui
LOMARA;10.3522464;-6.3375986;oui
LOMOKANKRO;7.0848100;-5.0312920;oui
LOPOU;5.4202920;-4.4732530;oui
LOUGBONOU;8.0639978;-5.2525493;oui
LOUKOUYAOKRO;;;non
LOULO;10.3782457;-5.8129694;oui
LOULOUDOU;5.2224040;-5.5717618;oui
LOVIGUIE;5.8076060;-4.3383570;oui
LUEHOUAN;6.3144634;-7.4230112;oui
M'BAHIAKRO;7.4572779;-4.3411039;oui
M'BATTO;6.4695017;-4.3585668;oui
M'BENGUE;10.0010816;-5.9007432;oui
M'BERIE;6.0281878;-4.1324587;oui
M'BONOUA;5.5518460;-4.2294780;oui
M'BORLA DIOULASSO;8.4680053;-4.4806749;oui
M'BRAGO 1;5.5333770;-4.2193510;oui
M'BROME;5.6627740;-4.1463970;oui
M'PODY;5.5775780;-4.2271690;oui
MADIA;6.3136200;-6.5272540;oui
MADINA;10.2748975;-7.7432684;oui
MADINANI;9.6103848;-6.9430731;oui
MAFERE;5.4143632;-3.0306236;oui
MAHANDIANA SOKOURANI;10.2467660;-6.6752243;oui
MAHANDOUGOU;9.0356850;-7.8302460;oui
MAHAPLEU;7.2228290;-7.9345880;oui
MAHIBOUO;6.0485736;-5.9219890;oui
MAHIEOUA;6.2041953;-6.4594789;oui
MAMINI;7.7322180;-4.8020790;oui
MAMINIGUI;7.4018320;-5.8407720;oui
MAN;7.4102584;-7.5503719;oui
MANABRI;8.6659853;-6.6152009;oui
MANFLA;7.4116787;-5.9142772;oui
MANKONO;8.0448003;-6.0742592;oui
MANOGOTA;9.2135551;-4.5420110;oui
MANZANOUAN;6.8434640;-3.2862480;oui
MAPAIX;;;non
MARABADJASSA;8.0955963;-5.4396120;oui
MARCORY;5.3036120;-3.9853950;oui
MASSALA;7.8976327;-6.4370632;oui
MASSALA GOURAN;7.9221581;-7.0247036;oui
MAYO;6.0881426;-6.4012562;oui
MEAGUI;5.4039253;-6.5551664;oui
MEKRO;7.1492384;-4.6744596;oui
MEMNI;5.5120292;-3.7404763;oui
MEO;6.5196661;-8.2952131;oui
MEREKOU;7.7386280;-3.0546110;oui
MIADZIN;6.0443250;-3.9068950;oui
MINE D'ITY;6.8530835;-8.1155514;oui
MINFLA;7.5273447;-6.0469812;oui
MINIGNAN;9.9985627;-7.8361487;oui
MOHAME;5.1720442;-3.5502097;oui
MOHOUA;5.1495327;-3.1249131;oui
MOOSOU;5.2206559;-3.7237497;oui
MOPOYEM;5.3185930;-4.4649040;oui
MOROFE;6.8433070;-5.2928420;oui
MOROKRO;6.0776040;-4.7030570;oui
MORONDO;8.9512860;-6.7836280;oui
MORONOU;6.5942655;-4.1579986;oui
MOTOBE;5.3120687;-3.6358883;oui
MOUYASSUE;5.3700142;-3.0913425;oui
N'DA AKISSIKRO;7.1203364;-4.8053443;oui
N'DENOU;6.9705404;-5.2565025;oui
N'DEOU;9.9691986;-6.6175728;oui
N'DOUCI;5.8651031;-4.7630670;oui
N'DOUFFOUKANKRO;6.8619469;-5.8217423;oui
N'GAPIE;9.6094096;-6.8267184;oui
N'GATTA DOLIKRO;7.2798498;-5.1401871;oui
N'GATTAKRO;7.0633791;-3.7558267;oui
N'GOIMBO;7.0683211;-4.9509630;oui
N'GOLOBLASSO;9.6844507;-7.2241386;oui
N'GOLODOUGOU;9.1326529;-5.1613124;oui
N'GOUESSOU;;;non
N'GUESSANAGUI;5.4757097;-6.4721150;oui
N'GUESSANKRO;6.9414792;-5.1228568;oui
N'GUIEME;5.1449537;-3.0503716;oui
N'ZECREZESSOU;7.0715760;-4.2803570;oui
N'ZERE;6.9374236;-5.1716343;oui
N'ZIANOUAN;6.0118348;-4.8226498;oui
N'ZUESSY;6.8166670;-5.2666670;oui
NABINGUE;;;non
NAFANA;9.1922634;-4.7849265;oui
NAFOUN;9.3347220;-6.2116670;oui
NAGNENEFOUN;9.4909373;-5.6523371;oui
NAHIO;6.3842330;-6.2273600;oui
NAKAHA;9.3594134;-5.4447072;oui
NAKOUROUBELEKAHA;9.6075631;-5.4578737;oui
NAMANE;6.3898837;-6.7060109;oui
NAMBONKAHA;9.7395134;-5.1590601;oui
NANGAKAHA;9.5664724;-5.5240010;oui
NAPIE;9.2914786;-5.5902741;oui
NASSIAN;8.4523824;-3.4720743;oui
NDO KOUASSIKRO;;;non
NEBO;5.9365949;-5.4058494;oui
NEGUEPIE;10.3492754;-6.5159440;oui
NEKEIDE;6.4659939;-5.9995810;oui
NEKO;5.7860972;-5.7379006;oui
NENEFEROUA;5.7826284;-6.4408764;oui
NEZOBLY;6.5996432;-8.4726373;oui
NIABABLY;5.0723772;-6.0753193;oui
NIABLE;6.1528324;-5.7628504;oui
NIAHIRIO;;;non
NIAKARA;8.6606903;-5.2894139;oui
NIAKARAMADOUGOU;8.6606903;-5.2894139;oui
NIAKIA;6.5293508;-6.3136001;oui
NIAMANA;9.5888001;-7.8857371;oui
NIAMASSO;9.5031250;-7.7069250;oui
NIAMBEZARIA;5.6590530;-5.7565370;oui
NIAMOIN;9.6124005;-3.4388219;oui
NIANDA;7.0486289;-3.2803739;oui
NIDROU;7.3002967;-7.4481914;oui
NIEDIEKAHA;8.9360659;-5.1759953;oui
NIELLE;10.1979006;-5.6249349;oui
NIEMENE;8.4542887;-4.6887441;oui
NIENESSO;9.3601680;-7.6138170;oui
NIKOLO;8.1984309;-5.0708537;oui
NIOFOIN;9.6113430;-6.0765590;oui
NIOKOSSO;8.6875920;-7.6706950;oui
NIOROUHIO;5.7671637;-6.1181418;oui
NIZAHON;6.3684999;-7.4003932;oui
NOE;5.2904138;-2.7944511;oui
NOFOU;6.8340041;-4.7052056;oui
NOUAMOU;5.1843315;-2.9004119;oui
NOUKPOUDOU;6.3946311;-6.9053821;oui
ODIA;9.3733031;-6.1682031;oui
ODIENNE;9.5044310;-7.5619420;oui
ODOGUIE;5.6268190;-4.2029840;oui
OFFOMPO;5.9530429;-4.4556651;oui
OGOUDOU;5.8970201;-5.1588720;oui
OKROUMOUDOU;;;non
OKROUYO;5.7655724;-6.4080341;oui
OLIBRIBOUO;6.0140054;-5.8762670;oui
OLODIO;4.7131472;-7.4691900;oui
ONDEFIDOUO;9.0438471;-3.0829686;oui
ONO;5.1275617;-3.1458866;oui
ORESS-KROBOU;5.7323990;-4.3947030;oui
OTTOPE 1;5.6998650;-4.2999590;oui
OUAMELHORO;10.3328261;-5.6202471;oui
OUANGOLODOUGOU;9.9662790;-5.1499170;oui
OUANINOU;8.2375300;-7.8671450;oui
OUAOUAKRO;6.5170090;-5.0674530;oui
OUARGA;9.5644396;-4.8029997;oui
OUASSADOUGOU;7.7054061;-4.2338078;oui
OUATTE;7.6340930;-3.3721530;oui
OUELLE;10.3585790;-6.8097860;oui
OUFFOUEDIEKRO;6.9176778;-5.1353635;oui
OUME;6.3823941;-5.4175714;oui
OUOLLOH;;;non
OUPOYO;5.5672140;-6.5905006;oui
OURAGAHIO;6.3083585;-5.9312428;oui
OUREGUEKAHA;8.4493628;-5.1930254;oui
OUREYO;6.0186448;-6.5938794;oui
OUYABLY-GNONDROU;7.3337334;-7.2056669;oui
OUYATOWO;;;non
PAKOBO;6.1674230;-4.9372260;oui
PAKOUABO;7.1571060;-5.7913010;oui
PANZARANI;9.4219950;-3.1065150;oui
PAPARA;10.6241722;-6.2531304;oui
PARC-SOU;6.0967868;-6.6218809;oui
PEGUEKAHA;9.2290550;-5.5640241;oui
PEHE;6.5627784;-8.3037854;oui
PEHEKANHOUBLI;;;non
PENDA-BOROKO;;;non
PETIGOA 2;6.1063277;-6.7698747;oui
PETIONARA;;;non
PLATEAU;5.8397274;-5.3690451;oui
PODIAGOUINE;7.1498360;-7.7459290;oui
POGO;10.4372752;-5.6308365;oui
POGREAGUI;5.4428620;-6.6815463;oui
POLOUROUKAHA;;;non
PONONDOUGOU;9.5189190;-6.3236030;oui
PORT BOUET;5.2568810;-3.9586260;oui
POTOSSOU;7.2884678;-4.4185555;oui
POUNGBE;9.8999963;-5.7752870;oui
PRIKRO;7.6470835;-3.9973171;oui
PRITI 1;7.5735180;-3.1167324;oui
RUBINO;6.0717660;-4.3074495;oui
SABOUDOUGOU;8.3739060;-8.1227130;oui
SAFAMANOIS;5.1344670;-6.0355757;oui
SAGBOYA;5.9657057;-6.9133186;oui
SAGO;5.2671150;-5.9166333;oui
SAHABO;6.8477918;-5.3828658;oui
SAHIBLY;;;non
SAHOUA;6.3220420;-5.1746400;oui
SAHUYE;5.7345204;-4.5259994;oui
SAIOUA;6.4873195;-6.2761554;oui
SAKAHOUO;6.4617902;-5.6897379;oui
SAKASSOU;7.4534806;-5.2923493;oui
SAKIARE;7.0300896;-5.2670917;oui
SALONKOURANI;9.7229007;-7.8046383;oui
SAMANGO;9.6644690;-7.7307050;oui
SAMANZA;7.4989330;-3.5733450;oui
SAMATIGUILA;9.8183970;-7.5614880;oui
SAMBAKAHA;9.4110360;-5.1071410;oui
SAMO;5.2849510;-3.5172387;oui
SAN;10.3904990;-6.4358240;oui
SAN PEDRO;4.7589989;-6.6463922;oui
SANANFEREDOUGOU;10.0499731;-7.5324943;oui
SANDEGUE;7.9555223;-3.5813579;oui
SANDJOUGOUNA;9.6169660;-7.8518180;oui
SANEGAZE;;;non
SANGOUINE;7.2724591;-7.7789417;oui
SANHALA;10.0382732;-6.8543839;oui
SANHOUNKRO;;;non
SANTA;7.6918075;-7.5219835;oui
SAPLI SEPINGO;;;non
SARHALA;8.4178930;-6.1714720;oui
SASSANDRA;4.9490007;-6.0921667;oui
SASSAOKRO;;;non
SATAMA SOKOURA;7.8976530;-4.3639390;oui
SATAMA-SOKORO;7.8980640;-4.5301250;oui
SATIKRAN;6.8269870;-3.7431810;oui
SAYKRO;5.2746424;-2.7847682;oui
SEGUELA;7.9614107;-6.6702351;oui
SEGUELON;9.3564345;-7.1196823;oui
SEGUETIELE;9.5028323;-6.1060287;oui
SEILEU;7.0962800;-8.1735140;oui
SEITIFLA;7.4403748;-6.7181556;oui
SEMAN;6.8933889;-5.2986136;oui
SEMIEN;7.6141890;-7.1295470;oui
SEPENEDIOKAHA;9.8431211;-5.1583818;oui
SEPIKAHA;8.9096716;-5.0451654;oui
SERIHIO;5.8993975;-6.1179769;oui
SEYDOUGOU;9.5118240;-7.9755480;oui
SIANA;8.0527865;-6.5587924;oui
SIASSO;7.9127910;-3.2380970;oui
SIELEKAHA;;;non
SIEMPURGO;9.5207745;-6.1937393;oui
SIETINFLA;6.8230563;-5.7328624;oui
SIFIE;7.9839092;-6.9273181;oui
SIKENSI;5.6431473;-4.5947652;oui
SIKOLO;9.4424820;-4.7151260;oui
SILAKORO;8.1964616;-7.6448800;oui
SINEMATIALI;9.5840785;-5.3840301;oui
SINFRA;6.6167488;-5.9089494;oui
SINGROBO;6.0930830;-4.9209380;oui
SIPILOU;7.8630249;-8.1033408;oui
SIRASSO;9.2766860;-6.0989860;oui
SISSENGUE;10.4470930;-6.2181598;oui
SITIOLO;8.4692620;-4.7489964;oui
SOBA-BANANDJE;7.8501314;-6.6767215;oui
SOBARA;8.4411780;-4.5131190;oui
SOHOUO;9.6050413;-5.6558700;oui
SOKALA-SABARA;;;non
SOKORO;10.2030700;-7.8334465;oui
SOKORO 1;10.2030700;-7.8334465;oui
SOKORODOUGOU;9.0278750;-7.5835520;oui
SOKOURALA;7.8472804;-7.7606636;oui
SOKROGBO;6.0482565;-4.9619853;oui
SOMINASSE;8.3744057;-3.7576583;oui
SONDO;;;non
SONGON;5.3349397;-4.2061200;oui
SONGON AGBAN;5.3178450;-4.2551342;oui
SONONZO;8.6269015;-6.1302613;oui
SOROBANGO;8.1747910;-2.7092050;oui
SOUBRE;5.7850195;-6.5933223;oui
SOUKOUKRO;5.7300926;-4.6203292;oui
SOUNGASSOU;6.6321170;-4.6179670;oui
SUIBIAKRO;;;non
SYALEDOUO;;;non
TAABO;6.2668844;-5.0699787;oui
TABAGNE;7.9907748;-3.0678311;oui
TABOU;4.4162799;-7.3559159;oui
TAFIRE;9.0828501;-5.1534980;oui
TAGADI;8.5519719;-2.7231410;oui
TAGBAYO;5.6942442;-6.2204672;oui
TAGNAKRO;6.9467853;-4.5140645;oui
TAGOURA;6.9267030;-6.4573464;oui
TAHAKRO;6.9942335;-3.7362066;oui
TAHIRAGUHE;6.8000343;-6.4000028;oui
TAKOREAGUI;5.7571657;-6.7895293;oui
TALAHINI;8.3945190;-3.5652480;oui
TALLA;7.8851124;-7.0100916;oui
TANDA;7.8036640;-3.1672478;oui
TANGUELAN;7.1649940;-3.3055160;oui
TANKESSE;7.3467200;-3.2045512;oui
TAOUDI;8.1370080;-3.4347350;oui
TAPEGUIA;6.3869733;-6.5114803;oui
TAÏ;5.8754606;-7.4562798;oui
TCHEKOU;;;non
TEGUELA;7.8456401;-6.6252556;oui
TEHINI;9.6067135;-3.6576767;oui
TEHIRI;5.4717814;-5.2440620;oui
TENDENE;8.4708051;-4.2411093;oui
TENGRELA;10.4808361;-6.4084029;oui
TENINGBOUE;;;non
TEZIE;6.3821125;-6.3055381;oui
TIAHOUE;8.1545220;-7.8900810;oui
TIAPOUM;5.2576870;-2.8536454;oui
TIASSALE;5.8956463;-4.8250584;oui
TIASSO;9.7110928;-6.2537922;oui
TIBEITA;7.1827140;-5.8232270;oui
TIE NDIEKRO;;;non
TIEBISSOU;7.1580709;-5.2255722;oui
TIEDIO;7.8831072;-3.2827923;oui
TIEGBA;5.2606422;-4.7230991;oui
TIEKPE;9.6678537;-5.3066540;oui
TIEMA;8.1370554;-6.8415909;oui
TIEMASSOBA;7.8153854;-6.4525203;oui
TIEME;5.8122078;-6.7244259;oui
TIEMELEKRO;6.4970737;-4.6155256;oui
TIENKO;10.2251802;-7.4836796;oui
TIENKOIKRO;7.2189230;-3.0648270;oui
TIENY-SEABLY;7.3775799;-7.4544025;oui
TINDARA;10.0105886;-6.4763744;oui
TINHOU;6.4389047;-8.1571515;oui
TIOBLY;6.5341903;-8.4994065;oui
TIONGOFOLOKAHA;9.6333730;-5.4297230;oui
TIORONIARADOUGOU;9.3544610;-5.6376560;oui
TIPADIPA;6.0855188;-5.8637492;oui
TOGONIERE;9.4878950;-5.0589385;oui
TOKOHIRI;6.3742670;-5.2006000;oui
TOLIESSO;5.5000000;-2.9000000;oui
TONGON;9.9358721;-5.7303380;oui
TONLA;6.3534446;-5.6429497;oui
TORGOKAHA;9.3952785;-5.6349144;oui
TORLA;9.9949634;-5.1800683;oui
TORO-SANGUEHI;8.3034645;-3.1165519;oui
TOROGUHE;6.9480903;-6.4660679;oui
TOTRODOU;;;non
TOUADJI 1;5.5121972;-6.5774544;oui
TOUADJI 2;5.4315532;-6.5599654;oui
TOUBA;8.2840981;-7.6818105;oui
TOUGBO;9.7637987;-4.1409265;oui
TOUIH;5.2600852;-6.5330353;oui
TOULEPLEU;6.5808990;-8.4150175;oui
TOUMANGUIE;5.3270310;-3.3237440;oui
TOUMODI;6.5602173;-5.0160877;oui
TOUMOUKORO;10.3873607;-5.7565992;oui
TOUNBOKRO;;;non
TOUNVRE;9.9007183;-6.5020447;oui
TOUPAH;5.3190129;-4.5651395;oui
TOURO;7.9991017;-5.0720393;oui
TRANSUA;7.5495016;-3.0136612;oui
TREICHVILLE;5.3060080;-4.0081051;oui
VARALE;9.6586821;-3.2798310;oui
VAVOUA;7.3793487;-6.4796624;oui
VITRI 1;;;non
VITRI 2;;;non
VOUEBOUFLA;7.6228063;-5.9474176;oui
WAHIN;5.7994328;-4.2891455;oui
WALEBO;5.5832156;-6.8320938;oui
WENDENE;8.5721931;-4.0900229;oui
WOMON;10.1306820;-6.3749610;oui
WONSEALY;6.1740052;-7.0411126;oui
WORA;10.0849819;-6.3295821;oui
WOROFLA;8.2733540;-6.9055550;oui
YABAYO;5.9487700;-6.6001140;oui
YACOLI DABOUO;;;non
YAKASE-ATTOBROU;;;non
YAKASSE FEYASSE;6.9601357;-3.4120132;oui
YAKASSE ME;5.8109685;-3.9512341;oui
YAKPABO-SAKASSOU;6.9275230;-4.8868990;oui
YAMOUSSOUKRO;6.8200066;-5.2776034;oui
YAOBOU;5.7115030;-4.4127380;oui
YAOSSEDOUGOU;8.2397080;-4.2454911;oui
YAOU;5.2432870;-3.6274920;oui
YAPLEU;7.0904000;-7.7114850;oui
YAPO GARE;5.7948676;-4.1360093;oui
YELLEU;6.9695981;-8.0514131;oui
YEZIMALA;8.2066410;-2.9481220;oui
YOCOBOUE;5.2693250;-5.1065770;oui
YOHOUDA;6.4907155;-5.5520041;oui
YOPOHUE;6.3959640;-5.8295180;oui
YOPOUGON;5.3351940;-4.0757560;oui
YOPOUGON ANDOKOI;5.3529218;-4.0585671;oui
YOROBODI;8.1191340;-3.6819140;oui
YORODOUGOU;7.7835630;-7.8802440;oui
YOUNDOUO;8.8254165;-2.9574519;oui
ZADDI;;;non
ZADIHOA;6.4315320;-6.3978250;oui
ZAGNE;6.2130211;-7.4860667;oui
ZAGOUE;7.4801810;-7.4973120;oui
ZAGUIETA;6.7881490;-6.0628720;oui
ZAGUINASSO;10.0507582;-6.3651320;oui
ZAHAKRO;6.5889289;-5.0658829;oui
ZAHIA;6.9151240;-6.5777490;oui
ZAMBAKRO;6.7315775;-5.4121716;oui
ZANGAHA;9.2889176;-6.2391971;oui
ZANZANSOU;7.3735620;-3.8778210;oui
ZANZRA;7.4783300;-6.2107460;oui
ZARANOU;6.4275460;-3.3632230;oui
ZATTA;6.8776452;-5.4035429;oui
ZAÏPOBLY;5.9540170;-7.4746900;oui
ZEAGLO;6.5520676;-7.8360948;oui
ZEALE;6.9879538;-8.1605632;oui
ZEGBAN;5.1571173;-5.5860794;oui
ZEGBAO;9.4331441;-7.2725318;oui
ZEGO;6.1402842;-5.1920411;oui
ZEO;6.8006772;-7.3280194;oui
ZEPREGUHE;6.9064729;-6.3703769;oui
ZERIBERI;5.3841780;-5.4436940;oui
ZIASSO;9.9994508;-6.5270806;oui
ZIKISSO;6.0639600;-5.7024520;oui
ZIOGOUINE;7.1924640;-7.6405560;oui
ZOHOA;6.3237895;-6.1584303;oui
ZONNEU;7.1709580;-8.0669280;oui
ZOROFLA;7.2442550;-6.2627940;oui
ZOU;6.9763540;-7.7998290;oui
ZOUAN HOUNIEN;6.9198246;-8.2089154;oui
ZOUHOUNOU;6.6137461;-3.2916991;oui
ZOUKOUGBEU;6.7629920;-6.8642660;oui
ZRALUO;7.5756945;-5.8866923;oui
ZUENOULA;7.4280208;-6.0500349;oui
ZUZUA;6.6234891;-6.4779532;oui
ZUZUOKO;5.1048810;-5.7526323;oui
