dci;libelle;prix_fcfa;liste
ATORVASTATINE;ATORVACOR 10 MG COMPRIME, BOÎTE DE 30;4132.59;diabete
ATORVASTATINE;LESSTROL 10 MG COMPRIME PELLICULE, BOÎTE DE 30;5250.00;diabete
ATORVASTATINE;TAVASTOR 10 MG COMPRIME PELLICULE, BOÎTE DE 30;5510.02;diabete
ATORVASTATINE;VASTATOR 10 MG COMPRIME PELLICULE, BOÎTE DE 30;5250.00;diabete
ATORVASTATINE;ATORVACOR 20 MG COMPRIME, BOÎTE DE 30;4821.29;diabete
ATORVASTATINE;LESSTROL 20 MG COMPRIME PELLICULE, BOÎTE DE 30;5670.00;diabete
ATORVASTATINE;TAVASTOR 20 MG COMPRIME PELLICULE, BOÎTE DE 30;5939.01;diabete
ATORVASTATINE;TORA 20 MG COMPRIME, BOÎTE DE 30;2037.00;diabete
ATORVASTATINE;VASTATOR 20 MG COMPRIME PELLICULE, BOÎTE DE 30;5670.00;diabete
ATORVASTATINE;TAVASTOR 40 MG COMPRIME, BOÎTE DE 30;6380.01;diabete
ATORVASTATINE;TORA 40 MG COMPRIME, BOÎTE DE 30;2864.40;diabete
ATORVASTATINE;VASTATOR 40 MG COMPRIME PELLICULE, BOÎTE DE 30;6300.00;diabete
ATORVASTATINE;TAVASTOR 80 MG COMPRIME PELLICULE, BOîTE DE 30;10820.00;diabete
ATORVASTATINE;TORA 80 MG COMPRIME, BOÎTE DE 30;4132.80;diabete
GLIBENCLAMIDE;DAONIL 5 MG COMPRIME, BOÎTE DE 100;8334.90;diabete
GLIBENCLAMIDE+METFORMINE;GLUCOVANCE 500 MG/2,5 MG COMPRIME PELLICULE, BOÎTE DE 30;4490.66;diabete
GLIBENCLAMIDE/METFORMINE;GLUCOVANCE 1000 MG/5 MG COMPRIME PELLICULE, BOÎTE DE 30;4917.71;diabete
GLIBENCLAMIDE/METFORMINE;GLUCOVANCE 500 MG/5 MG COMPRIME PELLICULE BOÎTE DE 30;4490.66;diabete
GLICLAZIDE;GLIDE 60 MG COMPRIME, À LIBERATION MODIFIEE BOÎTE DE 30;7782.92;diabete
GLICLAZIDE;SERGLIRON 60 MG COMPRIME SECABLE A LIBERATION PROLONGEE, BOÎTE DE 30;6295.22;diabete
GLIMEPIRIDE;IRYS 1 MG COMPRIME BOÎTE DE 30;3030.30;diabete
GLIMEPIRIDE;GLIMEPIRIDE-DENK 2 MG COMPRIME, BOÎTE DE 30;4270.28;diabete
GLIMEPIRIDE;GLIMIWEL 2 MG COMPRIME, BOÎTE DE 30;1515.36;diabete
GLIMEPIRIDE;IRYS 2 MG COMPRIME PELLICULE, BOÎTE DE 30;3150.00;diabete
GLIMEPIRIDE;GLIMEPIRIDE-DENK 3 MG COMPRIME, BOÎTE DE 30;5234.54;diabete
GLIMEPIRIDE;IRYS 3 MG COMPRIME PELLICULE, BOÎTE DE 30;5250.00;diabete
GLIMEPIRIDE/METFORMINE;GLIMERYL-M 2 MG/ 500 MG COMPRIME PELLICULE, BOîTE 30;4215.16;diabete
GLIMEPIRIDE/METFORMINE;METRIDE-2 500 MG/2 MG COMPRIME, BOÎTE DE 30;3780.00;diabete
INSULINE HUMAINE ISOPHANE;ACTRAPID 100 UI/ML SOL INJECTABLE S/C OU I.V, FLACON DE 10 ML;7576.80;diabete
INSULINE HUMAINE RECOMBINANTE;HUMODAR R 100R 100 UI/ML I.V/S.C SOLUTION INJECTABLE BOITE DE 1 CARTOUCHE;2617.44;diabete
INSULINE HUMAINE RECOMBINANTE;INSULATARD 100 UI/ML SOLUTION INJECTABLE S/C OU I.V, FLACON DE 10 ML;7576.80;diabete
INSULINE HUMAINE RECOMBINANTE ISOPHANE BIPHASIQUE;HUMODAR C25 100R 100 UI/ML S.C SUSPENSION INJECTABLE BOITE DE 1 CARTOUCHE DE 10 ML;2617.44;diabete
INSULINE HUMAINE RECOMBINANTE ISOPHANE BIPHASIQUE;MIXTARD 30 100 UI/ML SOLUTION INJECTABLE S/C, FLACON DE 10 ML;7576.80;diabete
METFORMINE;METFORMIN-DENK 1000 MG COMPRIME, BOÎTE DE 30;2617.27;diabete
METFORMINE;METFORMINE BIOGARAN 1000 MG COMPRIME PELLICULE, BOÎTE DE 30;2089.69;diabete
METFORMINE;METFORMIN-DENK 500 MG COMPRIME PELLICULE, BOÎTE DE 100;3374.90;diabete
METFORMINE;DIAFORMINE 500 MG COMPRIME, BOÎTE DE 30;881.6;diabete
METFORMINE;GLUCOPHAGE 500 MG COMPRIME PELLICULE, BOÎTE DE 30;1212.21;diabete
METFORMINE;METFORMIN-DENK 500 COMPRIME, BOÎTE DE 30;1239.76;diabete
METFORMINE;METFORMINE BIOGARAN 500 MG COMPRIME PELLICULE, BOÎTE DE 30;870.58;diabete
METFORMINE;METFORMIN VIR 850 MG COMPRIME, BOîTE DE 50;3675.00;diabete
METFORMINE;METFORMINE BIOGARAN 850 MG COMPRIMÉ PELLICULE, BOÎTE DE 90;4683.53;diabete
METFORMINE;METFORMINE BIOGARAN 1000 MG COMPRIME, PELLICULES BOÎTE DE 90;5372.28;diabete
METFORMINE;METFORMIN-DENK 850 MG COMPRIME PELLICULE, BOÎTE DE 30;2341.77;diabete
METFORMINE;METFORMINE BIOGARAN 850 MG COMPRIME PELLICULE, BOÎTE DE 30;1793.53;diabete
ROSUVASTATINE;PMS-ROSUVASTATIN 10 MG COMPRIME PELLICULE, BOîTE DE 30;7562.52;diabete
ROSUVASTATINE;ROSUKAA 10 MG COMPRIME PELLICULE, BOîTE DE 30;7560.00;diabete
ROSUVASTATINE;ROSUVASTATINE BIOGARAN 10 MG COMPRIMÉ PELLICULE, BOÎTE DE 30;5510.04;diabete
ROSUVASTATINE;ROSUVASTATIN-DENK 10 MG COMPRIME PELLICULE, BOÎTE DE 30;7548.75;diabete
ROSUVASTATINE;PMS-ROSUVASTATIN 20 MG COMPRIME PELLICULE, BOîTE DE 30;9876.74;diabete
ROSUVASTATINE;ROSUKAA 20 MG COMPRIME PELLICULE, BOÎTE DE 30;9637.09;diabete
ROSUVASTATINE;ROSUVASTATIN-DENK 20 MG COMPRIME PELLICULE, BOÎTE DE 30;9862.97;diabete
ROSUVASTATINE;PMS-ROSUVASTATIN 5 MG COMPRIME PELLICULE, BOÎTE de 30;6515.63;diabete
ROSUVASTATINE;ROSUVASTATIN-DENK 5 MG COMPRIME PELLICULE, BOÎTE 30;6088.59;diabete
SITAGLIPTINE;GVIA 100 MG COMPRIME PELLICULE, BOÎTE DE 28;7770.00;diabete
SITAGLIPTINE;GVIA 50 MG COMPRIME PELLICULE, BOÎTE DE 28;4725.00;diabete
VILDAGLIPTINE;VILDA-DENK 50 MG COMPRIME, BOîTE DE 28;8265.06;diabete
VILDAGLIPTINE;GALVUS 50 MG COMPRIME, BOîTE DE 28;8851.50;diabete
VILDAGLIPTINE/METFORMINE;GALVUS MET 50 MG/500 MG COMPRIME, BOîTE DE 30;8946.00;diabete
VILDAGLIPTINE/METFORMINE;GALVUS MET 50 MG/850 MG COMPRIME, BOîTE DE 30;8946.00;diabete
AMLODIPINE;AMEP 5 MG COMPRIME, BOÎTE DE 28;4655.70;hypertension
AMLODIPINE;AMLODIPINE VIR 5 MG COMPRIME BOÎTE DE 30;3441.90;hypertension
AMLODIPINE;LOPINE 5 MG COMPRIME BOÎTE DE 30;3780.00;hypertension
AMLODIPINE;AMLO-DENK 5 MG COMPRIME, BOÎTE DE 50;4821.28;hypertension
AMLODIPINE;AMLODIPINE VIR 10 MG COMPRIME, BOÎTE DE 30;4130.70;hypertension
AMLODIPINE;AMLODIS 10 MG COMPRIME, BOÎTE DE 30;4410.00;hypertension
AMLODIPINE;AMLOTROY 10 MG COMPRIME, BOÎTE DE 30;3360.00;hypertension
AMLODIPINE;LOPINE 10 MG COMPRIME BOÎTE DE 30;4200.00;hypertension
AMLODIPINE;AMLO-DENK 10 MG COMPRIME, BOÎTE DE 50;8127.31;hypertension
AMLODIPINE/ATENOLOL;TENSICARD AM 50MG/5 MG COMPRIME, BOÎTE DE 30;7350.00;hypertension
AMLODIPINE/ATENOLOL;AMLONEX-AT 5 MG/50 MG COMPRIME, BOÎTE DE 100;6930.00;hypertension
AMLODIPINE/HYDROCHLOROTHIAZIDE/VALSARTAN;SARTEX HCT 5 MG/160 MG/12,5 MG COMPRIME PELLICULE, BOÎTE DE 30;11976.05;hypertension
AMLODIPINE/HYDROCHLOROTHIAZIDE/VALSARTAN;SARTEX HCT 5 MG/160 MG/25 MG COMPRIME PELLICULE, BOÎTE DE 30;12197.85;hypertension
AMLODIPINE/HYDROCHLOROTHIAZIDE/VALSARTAN;SARTEX HCT 10 MG/160 MG/12,5 MG COMPRIME PELIICULE, BOÎTE DE 30;13775.10;hypertension
AMLODIPINE/HYDROCHLOROTHIAZIDE/VALSARTAN;CARDIOVALAM H 10 MG/25 MG/160 MG COMPRIME, BOÎTE DE 30;13776.00;hypertension
AMLODIPINE/HYDROCHLOROTHIAZIDE/VALSARTAN;SARTEX HCT 10 MG/160 MG/25 MG COMPRIME PELLICULE, BOÎTE DE 30;13981.72;hypertension
AMLODIPINE/INDAPAMIDE;NATRIXAM 1,5 MG/10 MG COMPRIME PELLICULE A LIBERATION MODIFIEE, BOÎTE DE 30;7342.13;hypertension
AMLODIPINE/INDAPAMIDE;AMLOPAMIDE 5 MG/1,5 MG COMPRIME, BOÎTE DE 30;5510.02;hypertension
AMLODIPINE/INDAPAMIDE;NATRIXAM 1,5 MG/5 MG COMPRIME PELLICULE A LIBERATION MODIFIEE, BOÎTE DE 30;6501.85;hypertension
AMLODIPINE/INDAPAMIDE/PERINDOPRIL;SERINXAM 5 MG/1,25 MG/5 MG COMPRIME, BOÎTE DE 30;9642.57;hypertension
AMLODIPINE/LOSARTAN;RAASAR-AM 5 MG/50 MG COMPRIME, BOÎTE DE 30;4725.00;hypertension
AMLODIPINE/LOSARTAN;ZYLTAN AM 50 MG/5MG COMPRIME PELLICULE, BOÎTE DE 30;6300.00;hypertension
AMLODIPINE/PERINDOPRIL;SERPERAM 5 MG/5 MG COMPRIME, BOÎTE DE 30;7493.65;hypertension
AMLODIPINE/PERINDOPRIL;SERPERAM 10 MG/5 MG COMPRIME, BOÎTE DE 30;10193.57;hypertension
AMLODIPINE/PERINDOPRIL;SERPERAM 10 MG/10 MG COMPRIME, BOÎTE DE 30;10193.57;hypertension
AMLODIPINE/PERINDOPRIL;SERPERAM 5 MG/10 MG COMPRIME, BOÎTE DE 30;7039.07;hypertension
AMLODIPINE/TELMISARTAN;TELMIKAA AM 40MG/5 MG COMPRIME BICOUCHE, BOÎTE DE 30;7350.00;hypertension
AMLODIPINE/TELMISARTAN;TELMIS-A 40 MG/5 MG COMPRIME, BOÎTE DE 28;7350.00;hypertension
AMLODIPINE/TELMISARTAN;TELMIS-A 80 MG/5 MG COMPRIME, BOÎTE DE 28;7350.00;hypertension
AMLODIPINE/VALSARTAN;SARTEX 5 MG/160 MG COMPRIME, BOÎTE DE 30;10867.19;hypertension
AMLODIPINE/TELMISARTAN;AMLOTEL 10 MG/40 MG COMPRIME, PELLICULES BOÎTE DE 30;7370.16;hypertension
AMLODIPINE/VALSARTAN;SARTEX 10 MG/160 MG COMPRIME, BOÎTE DE 30;11215.70;hypertension
ATENOLOL;TENSICARD 50 MG COMPRIME SECABLE, BOÎTE DE 30;2100.00;hypertension
ATENOLOL;ATENOLOL-DENK 50 MG COMPRIME, BOÎTE DE 100;8540.56;hypertension
ATENOLOL;BLOKIUM 100 MG COMPRIME, BOÎTE DE 15;4116.00;hypertension
ATENOLOL;XYTENOL 100 MG COMPRIME SECABLE, BOÎTE DE 28;4710.51;hypertension
ATENOLOL/CHLORTALIDONE;TENORETIC 50 MG/12,5 MG COMPRIME PELLICULE, BOÎTE DE 30;5827.50;hypertension
BISOPROLOL;BISOPROLOL REF 2,5 MG COMPRIME PELLICULÉ SÉCABLE, BOÎTE DE 30;2341.77;hypertension
BISOPROLOL;BISOPROLOL REF 5 MG COMPRIME PELLICULÉ SÉCABLE, BOÎTE DE 30;2341.77;hypertension
BISOPROLOL;BISOPROLOL FUMARATE FIZA 5 MG COMPRIME, BOÎTE DE 30;1323.00;hypertension
BISOPROLOL;BISOPROLOL REF 10 MG COMPRIME PELLICULÉ SÉCABLE, BOÎTE DE 30;3443.77;hypertension
BISOPROLOL;BISOPROLOL FUMARATE FIZA 10 MG COMPRIME, BOÎTE DE 30;2268.00;hypertension
BISOPROLOL/PERINDOPRIL;COSYREL 5 MG/5 MG COMPRIME PELLICULE SECABLE BOÎTE DE 30;9036.46;hypertension
BISOPROLOL/HYDROCHLOROTHIAZIDE;BISOPROLOL/HYDROCHLOROTHIAZIDE BIOGARAN 2,5 MG/6,25 MG COMPRIME, BOÎTE DE 30;4752.72;hypertension
BISOPROLOL/HYDROCHLOROTHIAZIDE;BISOPROLOL/HYDROCHLOROTHIAZIDE BIOGARAN 5 MG/6,25 MG COMPRIME, BOÎTE DE 30;4752.72;hypertension
BISOPROLOL/HYDROCHLOROTHIAZIDE;BISOPROLOL/HYDROCHLOROTHIAZIDE BIOGARAN 10 MG/6,25 MG COMPRIME, BOÎTE DE 30;4752.72;hypertension
CAPTOPRIL;CAPTOPRIL-DENK 25 MG COMPRIME, BOÎTE DE 20;2066.26;hypertension
CAPTOPRIL;CAPTOPRIL-DENK 25 MG COMPRIME, BOÎTE DE 100;7438.55;hypertension
CAPTOPRIL/HYDROCHLOROTHIAZIDE;CAPTOPRIL+HCT DENK 50 MG/25 MG COMPRIME, BOÎTE DE 100;10744.58;hypertension
CAPTOPRIL/HYDROCHLOROTHIAZIDE;CAPTOPRIL+HCT DENK 50 MG/25 MG COMPRIME, BOÎTE DE 30;3374.90;hypertension
CAPTOPRIL/HYDROCHLOROTHIAZIDE;CARDIURINE 50 MG/25 MG COMPRIME, BOÎTE DE 30;4118.10;hypertension
ENALAPRIL;ENALAPRIL BIOGARAN 5 MG COMPRIME SÉCABLE, BOÎTE DE 28;2837.67;hypertension
ENALAPRIL;ENALAPRIL BIOGARAN 20 MG COMPRIME SECABLE, BOÎTE DE 28;3326.40;hypertension
ENALAPRIL;ENALAPRIL VIR 20 MG COMPRIME, BOÎTE DE 28;3360.00;hypertension
ENALAPRIL/HYDROCHLOROTHIAZIDE;ENA+HCT-DENK 20 MG/12,5 MG COMPRIME, BOÎTE DE 30;9229.31;hypertension
ENALAPRIL/HYDROCHLOROTHIAZIDE;ENALAPRIL HTZ VIR 20 MG/12,5 MGCOMPRIME, BOÎTE DE 28;3580.50;hypertension
ENALAPRIL/HYDROCHLOROTHIAZIDE;ENALAPRIL/HYDROCHLOROTHIAZIDE BIOGARAN 20 MG/12,5 MG COMPRIME, BOÎTE DE 28;3857.28;hypertension
FUROSEMIDE;FUROSEMIDE BIOGARAN 40 MG COMPRIME, BOÎTE DE 30;1873.54;hypertension
HYDROCHLOROTHIAZIDE;ESIDREX 25 MG COMPRIME, BOÎTE DE 20;2314.20;hypertension
HYDROCHLOROTHIAZIDE/IRBESARTAN;COAPROZAR 150 MG/12,5 MG COMPRIME, BOÎTE DE 30;5152.56;hypertension
HYDROCHLOROTHIAZIDE/IRBESARTAN;IRBESARTAN / HYDROCHLOROTHIAZIDE BIOGARAN 150 MG / 12,5 MG COMPRIME PELLICULÉ, BOÎTE DE 30;4544.40;hypertension
HYDROCHLOROTHIAZIDE/IRBESARTAN;COAPROZAR 300 MG/12,5 MG COMPRIME, BOÎTE DE 30;5424.51;hypertension
HYDROCHLOROTHIAZIDE/IRBESARTAN;IRBESARTAN / HYDROCHLOROTHIAZIDE BIOGARAN 300 MG / 12,5 MG COMPRIME PELLICULÉ, BOÎTE DE 30;4544.40;hypertension
HYDROCHLOROTHIAZIDE/IRBESARTAN;COAPROZAR 300 MG/25 MG COMPRIME, BOÎTE DE 30;5424.51;hypertension
HYDROCHLOROTHIAZIDE/IRBESARTAN;IRBESARTAN / HYDROCHLOROTHIAZIDE BIOGARAN 300 MG / 25 MG COMPRIME PELLICULÉ, BOÎTE DE 30;4544.40;hypertension
HYDROCHLOROTHIAZIDE/LOSARTAN;CO-LOSAR 50 MG/12,5 MG COMPRIME PELLICULÉ, BOÎTE DE 30;5460.00;hypertension
HYDROCHLOROTHIAZIDE/LOSARTAN;COLOSAR-DENK 50 MG/12,5 MG COMPRIME PELLICULÉ, BOÎTE DE 28;8953.81;hypertension
HYDROCHLOROTHIAZIDE/LOSARTAN;RAASAR-H 50 MG/12,5 MG COMPRIME, BOÎTE DE 30;3691.80;hypertension
HYDROCHLOROTHIAZIDE/LOSARTAN;ZYLTAN H 50 MG/12,5 MG COMPRIME PELLICULE, BOÎTE DE 30;5460.00;hypertension
HYDROCHLOROTHIAZIDE/LOSARTAN;HYZAAR 50 MG/12,5 MG COMPRIME PELLICULE, BOÎTE DE 28;6474.30;hypertension
HYDROCHLOROTHIAZIDE/LOSARTAN;COLOSAR-DENK 100 MG/12,5 MG COMPRIME PELLICULÉ, BOÎTE DE 28;13086.34;hypertension
HYDROCHLOROTHIAZIDE/RAMIPRIL;TRITAZIDE 5 MG/12,5 MG COMPRIME, BOÎTE DE 28;5508.30;hypertension
HYDROCHLOROTHIAZIDE/TELMISARTAN;TELMIS-H 40MG/12,5 MG COMPRIME, BOÎTE DE 28;8400.00;hypertension
HYDROCHLOROTHIAZIDE/TELMISARTAN;TELMIKAA H 40 MG/12,5 MG COMPRIME, BOÎTE DE 30;8400.00;hypertension
HYDROCHLOROTHIAZIDE/TELMISARTAN;TELMIS-H 80 MG/12,5 MG COMPRIME, BOÎTE DE 28;9450.00;hypertension
HYDROCHLOROTHIAZIDE/TELMISARTAN;TELMIS-H 80 MG/25 MG COMPRIME, BOÎTE DE 28;9765.00;hypertension
HYDROCHLOROTHIAZIDE/VALSARTAN;COTAREG 160 MG/25 MG COMPRIME, BOÎTE DE 28;9298.80;hypertension
HYDROCHLOROTHIAZIDE/NEBIVOLOL;HYDROCHLOROTHIAZIDE/NEBIVOLOL BIOGARAN 12,5 MG/5 MG COMPRIME, BOÎTE DE 30;4752.72;hypertension
HYDROCHLOROTHIAZIDE/NEBIVOLOL;HYDROCHLOROTHIAZIDE/NEBIVOLOL 25 MG/5 MG COMPRIME, BOÎTE DE 30;4752.72;hypertension
HYDROCHLOROTHIAZIDE/RAMIPRIL;RAMITHIAZIDE 5 MG/12,5 MG COMPRIME SECABLE, BOÎTE DE 30;3223.29;hypertension
HYDROCHLOROTHIAZIDE/RAMIPRIL;CORAPRIL 5 MG/25 MG COMPRIME, BOÎTE DE 30;5828.76;hypertension
INDAPAMIDE;FLUDEX 1,5 MG COMPRIME PELLICULE A LIBARATION PROLONGEE, BOÎTE DE 30;5248.31;hypertension
INDAPAMIDE;ADEX 2,5 MG COMPRIME, BOÎTE DE 30;5250.00;hypertension
INDAPAMIDE/PERINDOPRIL;SERDERAX 5 MG/1,25 MG COMPRIME PELLICULE, BOÎTE DE 30;7355.90;hypertension
INDAPAMIDE/PERINDOPRIL;SERDERAX 10 MG/2,5 MG COMPRIME PELLICULE, BOÎTE DE 30;8953.81;hypertension
IRBESARTAN;IRBESARTAN BIOGARAN 75 MG COMPRIME PELLICULÉ, BOÎTE DE 30;4545.79;hypertension
IRBESARTAN;IRBESARTAN BIOGARAN 150 MG COMPRIME PELLICULÉ, BOÎTE DE 30;4544.40;hypertension
IRBESARTAN;APROZAR 300 MG COMPRIME, BOÎTE DE 30;5351.01;hypertension
IRBESARTAN;IRBESARTAN BIOGARAN 300 MG COMPRIME PELLICULÉ, BOÎTE DE 30;4544.40;hypertension
LOSARTAN;LOSAR-DENK 25 MG COMPRIME, BOÎTE DE 28;3857.03;hypertension
LOSARTAN;LOSAR-DENK 50 MG COMPRIME, BOÎTE DE 28;4821.28;hypertension
LOSARTAN;LOSAR 50 MG COMPRIME, BOÎTE DE 30;5670.00;hypertension
LOSARTAN;RAASAR 50 MG USP COMPRIME, BOÎTE DE 30;3580.50;hypertension
LOSARTAN;ZYLTAN 50 MG COMPRIME PELLICULE, BOÎTE DE 30;5040.00;hypertension
LOSARTAN;LOSAR-DENK 100 MG COMPRIME, BOÎTE DE 30;6887.55;hypertension
METHYLDOPA;METHYLDOPA-GH 500 MG COMPRIME, BOÎTE DE 30;4339.15;hypertension
METOPROLOL;LOPRESSOR LP 200 MG COMPRIME, BOÎTE DE 30;7308.00;hypertension
NEBIVOLOL;NEBILUS 5 MG COMPRIME, BOÎTE DE 30;5939.01;hypertension
NEBIVOLOL;NEBIVOLOL BIOGARAN 5 MG COMPRIME QUADRISÉCABLE, BOÎTE DE 30;5785.54;hypertension
NICARDIPINE;LOXEN 20 MG COMPRIME, BOÎTE DE 30;5317.18;hypertension
NICARDIPINE;LOXEN 10 MG/10ML SOLUTION INJECTABLE, BOÎTE DE 5 AMPOULES DE 10ML;9435.93;hypertension
NIFEDIPINE;NIFEDI-DENK RETARD 10 MG COMPRIME À LIBERATION PROLONGÉE, BOÎTE DE 100;5372.29;hypertension
NIFEDIPINE;NIFEDI-DENK RETARD 20 MG COMPRIME À LIBERATION PROLONGÉE, BOÎTE DE 30;2410.64;hypertension
NIFEDIPINE;NIFEDI-DENK 20 MG RETARD COMPRIME PELLICULE, BOÎTE DE 100;7782.93;hypertension
PERINDOPRIL;COVERSYL 5 MG COMPRIME PELLICULE, BOÎTE DE 30;6295.22;hypertension
PERINDOPRIL;COVERSYL 10 MG COMPRIME PELLICULE, BOÎTE DE 30;8816.06;hypertension
PROPRANOLOL;PROPRANOLOL BIOGARAN 40 MG COMPRIME SECABLE, BOÎTE DE 50;1653.02;hypertension
RAMIPRIL;RAMIPRIL BIOGARAN 1,25 MG COMPRIME, BOÎTE DE 30;3595.54;hypertension
RAMIPRIL;RAMIPRIL BIOGARAN 5 MG COMPRIME, BOÎTE DE 30;4132.80;hypertension
RAMIPRIL;RAMIPRIL GH 5 MG COMPRIME, BOÎTE DE 30;4476.91;hypertension
RAMIPRIL;RAPRIL 10 MG COMPRIME, BOÎTE DE 30;7107.85;hypertension
SPIRONOLACTONE;SPIRONOLACTONE BIOGARAN 50 MG COMPRIME, BOÎTE DE 30;3430.22;hypertension
SPIRONOLACTONE;SPIRONOLACTONE BIOGARAN 75 MG COMPRIME, BOÎTE DE 30;4132.80;hypertension
TELMISARTAN;TELMIKAA 40 MG COMPRIME, BOÎTE DE 30;6888.00;hypertension
TELMISARTAN;TELOD 80 MG COMPRIME, BOÎTE DE 30;5510.04;hypertension
VALSARTAN;TAREG 80 MG COMPRIME, BOÎTE DE 28;8610.00;hypertension
NICARDIPINE;LOXEN LP 50 MG GELULE, BOÎTE DE 60;16722.95;hypertension
ACETYLSALICYLATE DE LYSINE;ASPEGIC PDR SOLU SAC 100MG ENF 20;;autres
ACETYLSALICYLATE DE LYSINE;ASPEGIC PDR SOLU SAC 250MG 20;;autres
ACIDE ACETYLSALICYLIQUE;ASPIRINE 100MG RPS CPR BT 20;;autres
ACIDE ACETYLSALICYLIQUE;ASPIRINE DU RHONE 500 MG CPR B30;;autres
ACIDE ACETYLSALICYLIQUE;ASPIRINE SPECIA 100MG CPR;;autres
PARACETAMOL;ALGESIC 500MG CPR SEC B/20;;autres
PARACETAMOL;ARCET 500MG CPR B/20;;autres
PARACETAMOL;ARCET SIROP 120MG 5ML 60ML;;autres
PARACETAMOL;CETAMYL PDR SOLU SAC 300MG 12;;autres
PARACETAMOL;CIPHACET 500MG CPR B/24;;autres
PARACETAMOL;CIPHACET 500MG CPR PQ10;;autres
PARACETAMOL;DOLIMEX PD SOL.BU.SA 1000MG 8;;autres
PARACETAMOL;DOLIMEX PD SOL.BU.SA 300MG 12;;autres
PARACETAMOL;DOLIPRANE PDR/SOL SACH 100MG ENF 12;;autres
PARACETAMOL;DOLIPRANE PDR/SOL SACH 300MG ENF 12 1.62G;;autres
PARACETAMOL;DOLIPRANE SUP ENF 100MG 10;;autres
PARACETAMOL;DOLIPRANE SUP ENF 200MG 10;;autres
PARACETAMOL;DOLYC 500MG CPR PELL B/20;;autres
PARACETAMOL;LIC PARAC 500MG CPR B/16;;autres
PARACETAMOL;LYTAMOL 500MG CPR SEC PQ 10;;autres
PARACETAMOL;PANOL 500MG CPR PQ 10;;autres
PARACETAMOL;PARACETAMOL CREAT 500MG CPR 10;;autres
PARACETAMOL;PARACETAMOL RPR CPR. 500MG PQ10;;autres
PARACETAMOL;PARACETAMOL TM 500MG CPR B/20;;autres
PARACETAMOL;PARACETAMOL UBI CP 500 MG PLAQUETTE DE 10;;autres
PARACETAMOL;PARACETAMOL UBI SIROP 120MG 5ML 60ML;;autres
PARACETAMOL;PARACETAMOL WINTHROP 500MG CPR B/20;;autres
PARACETAMOL;PARAMED 500MG CPR B/20;;autres
PARACETAMOL;PARAMED 500MG CPR PQ10;;autres
PARACETAMOL;PARAMED SOL.BUV 3% 100ML;;autres
PARACETAMOL;PARCEDOL 500MG CPR B/20;;autres
PARACETAMOL;PCM SUSP. 120MG 100ML;;autres
PARACETAMOL;PLAPAR SIROP 120MG 5ML 60ML;;autres
PARACETAMOL;REPAR 500MG CPR B/20;;autres
TRAMADOL;DOLEX MERINAL 50MG GEL B/30;;autres
TRAMADOL;OROZAMUDOL CPR ORODISP. 50MG 30;;autres
TRAMADOL;TRADOLAN CPR. PELLICU 50MG 20;;autres
ALBENDAZOLE;ABZ SUSP BUV FL/10 ML;;autres
ALBENDAZOLE;ALBELA CPR A CROQUE 400MG;;autres
ALBENDAZOLE;ALBENDAZOLE TM CPR. 400MG;;autres
ALBENDAZOLE;ALBENTOX CPR. 400MG 3;;autres
ALBENDAZOLE;ALBENTOX SUSP. BUV 400MG 15ML;;autres
ALBENDAZOLE;ALBETAP SUSP BUV. 400MG 10ML;;autres
ALBENDAZOLE;ALBEX CPR. 400MG;;autres
ALBENDAZOLE;BENDEX SUSP BUV 4% FL/10 ML;;autres
ALBENDAZOLE;CALBEN SIROP 400 MG / 10 ML FL/10 ML;;autres
ALBENDAZOLE;LICDAZOL 400MG SUSP BUV FL/10 ML;;autres
ALBENDAZOLE;SANIVER CPR. 400MG;;autres
ALBENDAZOLE;SANIVER SUSP. BUV 40MG 1ML 10ML;;autres
ALBENDAZOLE;SANOZOL CPR. 400MG 3;;autres
ALBENDAZOLE;VERZOL SUSP. BUV 4% 10ML;;autres
ALBENDAZOLE;ZEROVER SOL BUV FL/30 ML;;autres
FLUBENDAZOLE;FLUB SUSP. BUV 600MG 30ML;;autres
FLUBENDAZOLE;FLUVERMAL SUSP. BUV 100MG 5ML 30ML;;autres
MEBENDAZOLE;CARBEN SUSP. BUV 100MG 5ML 30ML;;autres
MEBENDAZOLE;MEBENDAZOLE UBI SUSP. BUV 100MG 5ML 30ML;;autres
MEBENDAZOLE;WORMIN SUSP. BUV 100MG 5ML 30ML;;autres
PYRANTEL;COMBIFRINIL SUSP. BUV 5% 15ML;;autres
PYRANTEL;HELMINTOX SUSP. BUV 5% 15ML;;autres
PYRANTEL;PYRANTOX SUSP. BUV 50MG 1ML 15ML;;autres
ACIDE FOLIQUE;ACIDE FOLIQUE TM 5MG CPR B/40;;autres
FER + ACIDE FOLIQUE;FER/ACIDE FOLIQ WINT 200/0.25M;;autres
FER + ACIDE FOLIQUE;FERCEFOL SP F/150ML;;autres
FER + ACIDE FOLIQUE;FUMARATE FER+ACID FOL TM200/0;;autres
FER III;FERRIC CITR AMM UBI 160MG/15ML;;autres
FER III;FERROFIT SP F/200ML;;autres
FER III;FERROSTRANE SIROP F/125ML;;autres
FER III;OROFER 50MG SP F/150ML;;autres
FER III;T-FER SP F/200ML;;autres
FER III + ACIDE FOLIQUE;FERACID GEL B/36;;autres
FER III + ACIDE FOLIQUE;FERFOLTONE GEL B/30;;autres
FER III + ACIDE FOLIQUE;FINANEMI 300MG/1MG CPR B/30;;autres
FER III + ACIDE FOLIQUE;MALTOFER FOL 100MG CPR B/30;;autres
FER III + ACIDE FOLIQUE;OROFER GEL B/40;;autres
AMIODARONE;EURYTHMIC CPR. 200MG 30;;autres
SALBUTAMOL;AEROL 100MCG SUSP INH DOSE F/2;;autres
SALBUTAMOL;ASTHALEX SYROP 2MG 5ML 100ML;;autres
SALBUTAMOL;BUTAMYL 100MCG/DOSE AERO DOSE/;;autres
SALBUTAMOL;LOXAIR 100MCG AER DOSES/200;;autres
SALBUTAMOL;SALBUTUS SIROP 2MG 5ML 200ML;;autres
SALBUTAMOL;VENTOLINE SOL.BUV 2MG 5ML 150ML;;autres
CEFACLOR;ALFATIL PD P/SUS.BUV 125MG 5ML 60ML;;autres
CEFACLOR;BACTIGRAM 250MG/5ML SUSP BUV F;;autres
CEFADROXIL;BIODROXIL GR.P/SUS.BUV 250MG 5ML 60ML;;autres
CEFADROXIL;CEDROX 500MG GEL B/12;;autres
CEFADROXIL;CEDROX PDR PR SYR 250MG 5ML 60ML;;autres
CEFADROXIL;FEDROX PDR/SUS.BUV 250MG 5ML 60ML;;autres
CEFALEXINE;CEFAMOR CPR. 500MG 20;;autres
CEFALEXINE;CEFAMOR PDR/SUS.BUV 125MG 5ML 100ML;;autres
CEFALEXINE;OREX GELULE 500MG 12;;autres
CEFALEXINE;OREX PDR/SUS.BUV 125MG 5ML 60ML;;autres
CEFALEXINE;OREX PDR/SUS.BUV 250MG 5ML 60ML;;autres
CEFIXIME;BACTOXIME DS PDR/SUS.BUV 100MG 5ML 60ML;;autres
CEFIXIME;BACTOXIME DT CPR. DISPERS 200MG 10;;autres
CEFIXIME;BEKRACINE CPR. DISPERS 200MG 10;;autres
CEFIXIME;BEKRACINE PD P/SUS.BUV 100MG 5ML 60ML;;autres
CEFIXIME;BRUFIX CPR. PELLICU 200MG 10;;autres
CEFIXIME;CEFALORAL CPR. PELLICU 200MG 10;;autres
CEFIXIME;CEFALORAL PDR/SUS.BUV 40MG 5ML 40ML;;autres
CEFIXIME;CEFEXOL SUSP. BUV 100MG 5ML 30ML;;autres
CEFIXIME;CEFICAP SUSP. 100MG 5ML 50ML;;autres
CEFIXIME;CEFIM GELULE 200MG 12;;autres
CEFIXIME;CEFISON CPR. DISPERS 200MG 10;;autres
CEFIXIME;CEFIX CPR. PELLICU 200MG 10;;autres
CEFIXIME;CEFIXIME BGR CPR. 200MG 8;;autres
CEFIXIME;CEFIXIME GH CPR. 200MG 8;;autres
CEFIXIME;CEFIXIME TDS CPR. PELLICU 200MG 10;;autres
CEFIXIME;CEFIXIME TDS PDR/SUS.BUV 100MG 5ML 60ML;;autres
CEFIXIME;CEFOLAC CPR. PELLICU 200MG 8;;autres
CEFIXIME;CIELCEF CPR. 200MG 10;;autres
CEFIXIME;CIELCEF SYROP 100MG 5ML 60ML;;autres
CEFIXIME;FIXEF CPR. 200MG 10;;autres
CEFIXIME;FIXINECT CPR. PELLICU 200MG 10;;autres
CEFIXIME;FIXXE CPR. DISPERS 200MG 10;;autres
CEFIXIME;FIXXE PDR S.BUV 100MG 5ML 60ML;;autres
CEFIXIME;GRAMOCEF CPR. 200MG 10;;autres
CEFIXIME;INTERCEF CPR.PELLICU 200MG 10;;autres
CEFIXIME;INTERCEF PDR SOL BUV 100MG 1ML 30ML;;autres
CEFIXIME;MEGACEF PDR/SUS.BUV 40MG 5ML 60ML;;autres
CEFIXIME;MEXIME PDRE P SUSP BUV 40MG/5ML FL/60ML;;autres
CEFIXIME;OFIKEN CPR. PELLICU 200MG 16;;autres
CEFIXIME;SOLEXIM CPR. PELLICU 200MG 10;;autres
CEFIXIME;SUFIX CPR. PELLICU 200MG 10;;autres
CEFIXIME;SUFIX SUSP. 100MG 5ML 100ML;;autres
CEFIXIME;THEOFIX CPR. 200MG 10;;autres
CEFIXIME;TOCFIM CPR. DISPERS 200MG 10;;autres
CEFIXIME;TOCFIM PDR/SUS.BUV 100MG 5ML 60ML;;autres
CEFIXIME;UMEXIM CAPS 200MG 10;;autres
CEFPODOXIME;CEFIZ CPR. 200MG 10;;autres
CEFPODOXIME;CEPODEM CPR. PELLICU 200MG 10;;autres
CEFPODOXIME;ORELOX GR/SU.BUV EN 8MG 1ML 50ML;;autres
CEFPODOXIME;PUDOX CPR.PELLICU 200MG 10;;autres
CEFPODOXIME;PUDOX PD P/SUS.BUV 40MG 5ML 60ML;;autres
CEFPODOXIME;PUDOX PD P/SUS.BUV 40MG 5ML 60ML;;autres
CEFPODOXIME;SWICH CPR. PELLICU 200MG 10;;autres
CEFPODOXIME;ZEPOTIL CPR. PELLICU 200MG 10;;autres
CEFPODOXIME;ZEPOTIL PDR/SUS.BUV 50MG 5ML 60ML;;autres
CEFRADINE;BROCEF GELULE 500MG 12;;autres
CEFUROXIME;KEFROX PDR/SUS.BUV 125MG 5ML 50ML;;autres
CEFUROXIME;RUFEX 500MG CPR PELL B/10;;autres
CEFUROXIME;SEFUROX 500MG CPR B/10;;autres
DOXYCYCLINE;DOXY CPR. 200MG 8;;autres
DOXYCYCLINE;DOXYCYCLIN CREAT GEL. 100MG BL/10;;autres
DOXYCYCLINE;DOXY-DENK CPR. PELLICU 200MG 8;;autres
DOXYCYCLINE;GYNECLINE CPR. 200MG 10;;autres
DOXYCYCLINE;LONGAMYCINE CPR. 200MG 8;;autres
DOXYCYCLINE;VICLINE CPR.PELL.SEC 200MG 10;;autres
CLINDAMYCINE;ACLIN GEL 2% 15G;;autres
CLINDAMYCINE;DALACINE 150MG GEL B/12;;autres
CLINDAMYCINE;DALACINE GELULE 300MG 16;;autres
AZITHROMYCINE;AUROTHRIN CPR. PELLICU 500MG 3;;autres
AZITHROMYCINE;AUROTHRIN SUSP BUV. 200MG 5ML 15ML;;autres
AZITHROMYCINE;AZIC 250MG CPR PELL B/6;;autres
AZITHROMYCINE;AZIC CPR. 500MG 3;;autres
AZITHROMYCINE;AZICURE 250MG CPR B/6;;autres
AZITHROMYCINE;AZIENT CPR. PELLICU 500MG 3;;autres
AZITHROMYCINE;AZIK 250MG CPR B/6;;autres
AZITHROMYCINE;AZIK CPR. 500MG 3;;autres
AZITHROMYCINE;AZINA PDR/SIROP 200MG 5ML 15ML;;autres
AZITHROMYCINE;AZIT CPR. 500MG 3;;autres
AZITHROMYCINE;AZIT SUSP BUV. 200MG 5ML 15ML;;autres
AZITHROMYCINE;AZITHRIN SYROP 200MG 5ML 15ML;;autres
AZITHROMYCINE;AZITHRO CP 250 MG B/6;;autres
AZITHROMYCINE;AZITHROMYCINE CRE CPR. PELLICU 500MG 3;;autres
AZITHROMYCINE;AZITRINE 250MG CPR B/6;;autres
AZITHROMYCINE;AZRO PDR/SUS.BUV 200MG 5ML 15ML;;autres
AZITHROMYCINE;CRONOPEN CPR. PELLICU 500MG 3;;autres
AZITHROMYCINE;ROLICIN CPR. PELLICU 500MG 3;;autres
AZITHROMYCINE;SUMAMOX CPR. ENROB. 500MG 3;;autres
AZITHROMYCINE;SWILIDE SUSP BUV 200MG/5ML FL/30ML;;autres
AZITHROMYCINE;TRAMYCIN 250MG CPR PELL B/6;;autres
AZITHROMYCINE;TRAMYCIN CPR. PELLICU 500MG 3;;autres
AZITHROMYCINE;VIKTHRO SUSP BUV. 200MG 5ML 15ML;;autres
AZITHROMYCINE;ZOCIN SUSP BUV 200 MG/5 ML FL/15 ML;;autres
CLARITHROMYCINE;CLARICIN CPR. PELLICU 500MG 14;;autres
CLARITHROMYCINE;CLARIE OD CPR. 500MG 7;;autres
CLARITHROMYCINE;CLARITHROMYCIN BGR CPR. PELLICU 500MG 10;;autres
CLARITHROMYCINE;CLARITHROMYCIN GH CPR. PELLICU 500MG 14;;autres
CLARITHROMYCINE;CLARITHROMYCINE VIR COMP 500MGB/14;;autres
CLARITHROMYCINE;CLARITOX CPR. PELLICU 500MG 10;;autres
CLARITHROMYCINE;CLARITRON CPR. PELLICU 500MG 10;;autres
CLARITHROMYCINE;CLARIVA CPR. PELLICU 500MG 14;;autres
CLARITHROMYCINE;CLARIWIN CPR. 500MG 10;;autres
CLARITHROMYCINE;XYLAR CPR. PELLICU 500MG 14;;autres
CLARITHROMYCINE;ZECLAR CPR. PELLICU 500MG 14;;autres
CLARITHROMYCINE;ZECLAR GRAN.PR SUSP 25MG 1ML 100ML;;autres
ERYTRHOMYCINE;CARY CPR. 500MG 10;;autres
ERYTRHOMYCINE;ERY GE CPR.SECAB 500MG 10;;autres
ERYTRHOMYCINE;ERY GE GRAN.SOL.SAC 125MG NOUR 24;;autres
ERYTRHOMYCINE;ERY GE GRAN.SOL.SAC 250MG ENF 24;;autres
ERYTRHOMYCINE;ERYCYL PDRE P SUSP BUV 250 MG/SACH B/24;;autres
ERYTRHOMYCINE;ERYTHROMY-ERYCREAT DRG 500MG PQ10;;autres
JOSAMYCINE;JOSACINE GRAN P/SUSP. 250MG 5ML 60ML;;autres
NORFLOXACINE;FLEX-NOR CPR. 400MG 10;;autres
NORFLOXACINE;LIC NORFLOX CPR. ENROB. 400MG 10;;autres
NORFLOXACINE;NORFEN CP 400 MG B/10;;autres
NORFLOXACINE;NORFIX CPR. ENROB. 400MG 10;;autres
NORFLOXACINE;NORFLOXACINE TONG CPR. ENROB. 400MG 10;;autres
NORFLOXACINE;NORFLOXINE CPR. 400MG 14;;autres
ROXITHROMYCINE;ROXANE CPR. 150MG 10;;autres
ROXITHROMYCINE;ROXIMAX CPR.PELL.SEC 150MG 12;;autres
ROXITHROMYCINE;ROX-MYCIN CPR. 150MG 10;;autres
SPIRAMYCINE;DONTOMYCINE CPR. 3M 10;;autres
SPIRAMYCINE;ROVAMYCINE CPR. PELLICU 3M 10;;autres
SPIRAMYCINE;SPIRALIDE CPR. PELLICU 3M 10;;autres
SPIRAMYCINE;SPIRALIDE CPR. PELLICU 3M 16;;autres
SPIRAMYCINE;UNISPIRA CPR. PELLICU 3M 10;;autres
AMOXICILLINE;AMITRON 250MG SUSP BUV F/60ML;;autres
AMOXICILLINE;AMODEX 125MG PDR SIR FL/60ML;;autres
AMOXICILLINE;AMOXICAP GELULE 500MG 10;;autres
AMOXICILLINE;AMOXICILLI-CREACIL GEL.500MG 12;;autres
AMOXICILLINE;AMOXICILLIN SANDOZ GELULE 500MG 10;;autres
AMOXICILLINE;AMOXICILLINE ARROW GELULE 500MG 30;;autres
AMOXICILLINE;AMOXICILLINE GELULE 500MG 12;;autres
AMOXICILLINE;AMOXICILLINE HIKMA CPR. 500MG B10;;autres
AMOXICILLINE;AMOXICILLINE TM CPR. 500MG 12;;autres
AMOXICILLINE;AMOXICILLINE UBI 125MG PDRE SU;;autres
AMOXICILLINE;AMOXICILLINE UBI GEL.500MG 12;;autres
AMOXICILLINE;AMOXI-DENK CPR. 500MG 20;;autres
AMOXICILLINE;AMOXYN CPR. 500MG 10;;autres
AMOXICILLINE;BACTOX GE GELULE 500MG 10;;autres
AMOXICILLINE;CLAMOXIL 125 MG PDRE F/60ML;;autres
AMOXICILLINE;EUROMOX 125MG SP F/60ML;;autres
AMOXICILLINE;EUROMOX 250MG SP F/60ML;;autres
AMOXICILLINE;IMOX 500 GEL /20;;autres
AMOXICILLINE;LYAMOX 250MG PDRE SUSP BUV F/6;;autres
AMOXICILLINE;LYAMOX 500MG CP 10;;autres
AMOXICILLINE;MEDOMOX GELULE 500MG 10;;autres
AMOXICILLINE;POLYMOXYL GELULE 500MG 20;;autres
AMOXICILLINE;THEOMOX 250MG SUSP BUV F/100ML;;autres
AMOXICILLINE;THEOMOX 500 /20;;autres
AMOXICILLINE + ACIDE CLAVULANIQUE;AMFOCIN C.PEL 500MG/ 62.5MG 16;;autres
AMOXICILLINE + ACIDE CLAVULANIQUE;AMOCLAN 100MG/12.5MG PDR SUSP;;autres
AMOXICILLINE + ACIDE CLAVULANIQUE;AMOCLAN PDR P/SU SAC 1125MG 12;;autres
AMOXICILLINE + ACIDE CLAVULANIQUE;AMOXICLAV DENK CPR. 500MG/ 62.5MG 16;;autres
AMOXICILLINE + ACIDE CLAVULANIQUE;AUGMENTIN CPR.PELL ADT 500MG 16 /62;;autres
AMOXICILLINE + ACIDE CLAVULANIQUE;AUGMENTIN PDR PR SUSP 100MG 5ML 30ML;;autres
AMOXICILLINE + ACIDE CLAVULANIQUE;BIOTIC PLUS PDR SACH 1125MG 14;;autres
AMOXICILLINE + ACIDE CLAVULANIQUE;BIOTIC PLUS PDR SACH 1125MG 24;;autres
AMOXICILLINE + ACIDE CLAVULANIQUE;BLAMAZ 1000MG/125MG CPR PELL B;;autres
AMOXICILLINE + ACIDE CLAVULANIQUE;BLAMAZ 100MG/12.5MG PDRE SUSP;;autres
AMOXICILLINE + ACIDE CLAVULANIQUE;CLAVAM CPR. PELLICU 562MG 16;;autres
AMOXICILLINE + ACIDE CLAVULANIQUE;CLAVAM PD P/SUS.BUV 281MG 5ML 60ML;;autres
AMOXICILLINE + ACIDE CLAVULANIQUE;CLEDOMOX CPR. PELLICU 562MG 16;;autres
AMOXICILLINE + ACIDE CLAVULANIQUE;CLEDOMOX PDR/SUS.BUV 281MG 5ML 60ML;;autres
AMOXICILLINE + ACIDE CLAVULANIQUE;CLIQ 1000MG/125MG CPR PELL B/14;;autres
AMOXICILLINE + ACIDE CLAVULANIQUE;CO-AMOXICLAV SACH ENF 500 62.5MG 12;;autres
AMOXICILLINE + ACIDE CLAVULANIQUE;CO-AMOXICLAV SP SACH.1G/ 125MG 12;;autres
AMOXICILLINE + ACIDE CLAVULANIQUE;CO-AMOXICLAV SP SACH.1G/ 125MG 16;;autres
AMOXICILLINE + ACIDE CLAVULANIQUE;CO-AMOXICLAV SP SACH.1G/ 125MG 24;;autres
AMOXICILLINE + ACIDE CLAVULANIQUE;CO-AMOXICLAV SP SACH.500MG/ 62.5MG 16;;autres
AMOXICILLINE + ACIDE CLAVULANIQUE;CREACLAV CPR.PEL 500/ 62.5MG 16;;autres
AMOXICILLINE + ACIDE CLAVULANIQUE;CURAM C.PEL 500MG/ 62.5MG 16;;autres
AMOXICILLINE + ACIDE CLAVULANIQUE;CURAM SUSP 100MG/ 12.5MG 5ML 30ML;;autres
AMOXICILLINE + ACIDE CLAVULANIQUE;FLEMING CPR. PELLICU 562MG 16;;autres
AMOXICILLINE + ACIDE CLAVULANIQUE;GENCLAV PDRE P SUSP BUV SACHET DOSE 1G/125MG B/16;;autres
AMOXICILLINE + ACIDE CLAVULANIQUE;IMUCLAV-1125 1000MG/125MG CPR;;autres
AMOXICILLINE + ACIDE CLAVULANIQUE;JOYCLAV PD S/BU 250/ 31.3MG 60ML;;autres
AMOXICILLINE + ACIDE CLAVULANIQUE;KLACIN PDR/SUS ENF 312MG 5ML 100ML;;autres
AMOXICILLINE + ACIDE CLAVULANIQUE;MAXICLAV PD/SUSP SACH 562MG ENF 16;;autres
AMOXICILLINE + ACIDE CLAVULANIQUE;MEDICLAV C.PEL 500MG/ 62.5MG 12;;autres
AMOXICILLINE + ACIDE CLAVULANIQUE;MEDICLAV PD SU 100MG/ 12.5MG 60ML;;autres
AMOXICILLINE + ACIDE CLAVULANIQUE;MEDICLAV SACH.1G/ 125MG 12;;autres
AMOXICILLINE + ACIDE CLAVULANIQUE;MEDICLAV SACH.500MG/ 62.5MG 12;;autres
AMOXICILLINE + ACIDE CLAVULANIQUE;PHIMOCLAV P/S B.SA100/ 12.5MG ENF 30ML;;autres
AMOXICILLINE + ACIDE CLAVULANIQUE;PHIMOCLAV P/S B.SA100/ 12.5MG ENF 60ML;;autres
AMOXICILLINE + ACIDE CLAVULANIQUE;RAPICLAV 1000MG/125MG CPR PELL;;autres
AMOXICILLINE + ACIDE CLAVULANIQUE;RAPICLAV 500MG CPR/16;;autres
AMOXICILLINE + ACIDE CLAVULANIQUE;SAPHIR SACH.ADL 1G/ 125MG 12;;autres
AMOXICILLINE + ACIDE CLAVULANIQUE;SAPHIR SACH.ADL 1G/ 125MG 16;;autres
AMOXICILLINE + ACIDE CLAVULANIQUE;THEOCLAV 1000MG/125MG CPR B/20;;autres
AMOXICILLINE + ACIDE CLAVULANIQUE;THEOCLAV 100MG/12.5MG SUSP BUV;;autres
AMOXICILLINE + ACIDE CLAVULANIQUE;THEOCLAV CPR. 500MG/ 62.5MG 20;;autres
AMOXICILLINE + ACIDE CLAVULANIQUE;THEOCLAV PDR/SUS.BUV 100MG 100ML;;autres
AMOXICILLINE + ACIDE CLAVULANIQUE;TRACLAV 1000MG/125MG CPR PELL;;autres
AMOXICILLINE + ACIDE CLAVULANIQUE;VERICLAV 1000MG/125MG CPR PELL;;autres
AMOXICILLINE + ACIDE CLAVULANIQUE;ZAMOX PD/SUSP SACH 1125MG 12;;autres
AMOXICILLINE + ACIDE CLAVULANIQUE;ZAMOX PD/SUSP SACH 1125MG 16;;autres
AMOXICILLINE + ACIDE CLAVULANIQUE;ZAMOX PD/SUSP SACH 562MG 12;;autres
AMOXICILLINE + ACIDE CLAVULANIQUE;ZICLAV P.SBV 250MG/ 31.3MG 60ML;;autres
FLUCLOXACILLINE;ASTAPH PDR PR SYR 125MG 5ML 60ML;;autres
FLUCLOXACILLINE;ASTAPH PDR PR SYR 250MG 5ML 60ML;;autres
FLUCLOXACILLINE;FLUCOGEN GELULE 500 MG B/12;;autres
FLUCLOXACILLINE;FLUKOCIN SUSP BUV. 250MG 5ML 100ML;;autres
FLUCLOXACILLINE;FUCLO GELULE 500MG 24;;autres
FLUCLOXACILLINE;FUCLO SUSP. BUV 250MG 5ML 100ML;;autres
FLUCLOXACILLINE;OXICLAR PDR/SUS.BUV 125MG 5ML 100ML;;autres
FLUCLOXACILLINE;OXICLAR PDR/SUS.BUV 250MG 5ML 100ML;;autres
FLUCLOXACILLINE;PENISTAPH PD P/SUS.BUV 125MG 5ML 100ML;;autres
FLUCLOXACILLINE;PENISTAPH PD P/SUS.BUV 250MG 5ML 60ML;;autres
FLUCLOXACILLINE;STAPHYPEN GELULE 500MG 20;;autres
OXACILLINE;OXACILLINE UBI GELULE 500MG 10;;autres
OXACILLINE;OXACILLINE UBI PDR/SIROP 250MG 5ML 60ML;;autres
OXACILLINE;OXAGRAM GELULE 500MG 24;;autres
OXACILLINE;OXAPEN GELULE 500MG 12;;autres
OXACILLINE;OXAPEN PDR/SIROP 250MG 5ML 60ML;;autres
OXACILLINE;PHARPEN GELULE 500MG 12;;autres
OXACILLINE;PHARPEN PD P/SUS.BUV 250MG 5ML 60ML;;autres
THIAMPHENICOL;GBACTIN CPR. 500MG 24;;autres
THIAMPHENICOL;SULFOBACTIN CPR. 500MG 20;;autres
THIAMPHENICOL;THIOBACTIN T.A. CPR. 500MG 24;;autres
THIAMPHENICOL;THIOBACTIN T.A. GRAN/SUS.BUV 250MG 5ML 60ML;;autres
CIPROFLOXACINE;BONCIPRO CPR. PELLICU 500MG 10;;autres
CIPROFLOXACINE;BONCIPRO CPR. PELLICU 750MG 20;;autres
CIPROFLOXACINE;BONCIPRO GTTES 3% 5ML;;autres
CIPROFLOXACINE;CACIP CPR. 500MG 10;;autres
CIPROFLOXACINE;CIPRIN CPR. 250MG 10;;autres
CIPROFLOXACINE;CIPRO COLLYRE .3% 5ML;;autres
CIPROFLOXACINE;CIPROFLOXACINE UBI CPR. PELLICU 750MG;;autres
CIPROFLOXACINE;CIPRONAT CPR. 250MG 14;;autres
CIPROFLOXACINE;CIPRONAT CPR. 500MG 14;;autres
CIPROFLOXACINE;CIPRONAT CPR. 750MG 14;;autres
CIPROFLOXACINE;MICROFLOX CPR. PELLICU 500MG 10;;autres
CIPROFLOXACINE;NOVAFLOX COLLYRE .3% 5ML;;autres
CIPROFLOXACINE;OPTICIN COLLYRE .3% 5ML;;autres
LEVOFLOXACINE;ALEVO CPR. 500MG 5;;autres
LEVOFLOXACINE;LEVO DENK CP PELL 500 MG B/10;;autres
LEVOFLOXACINE;LEVOAS CPR. 500MG 10;;autres
LEVOFLOXACINE;LEVOBACT CPR. 500MG 10;;autres
LEVOFLOXACINE;LEVO-DENK CPR.PELLICU 250MG 10;;autres
LEVOFLOXACINE;LEVOMAC 250MG CPR B/5;;autres
LEVOFLOXACINE;LEVORAY CPR. 500MG 5;;autres
LEVOFLOXACINE;REMEDIA CPR. PELLICU 500MG 10;;autres
LEVOFLOXACINE;VIKLEVO CPR. 500MG 10;;autres
LEVOFLOXACINE;ZOLINE CPR.PELLICU 500MG 10;;autres
NORFLOXACINE;FLOXSOL COLLYRE .3% 5ML;;autres
OFLOXACINE;AFLACIN COLLYRE 3% 5ML;;autres
OFLOXACINE;ALBACT CPR. 200MG 10;;autres
OFLOXACINE;ASMOFLOX CPR. 200MG 20;;autres
OFLOXACINE;KETAFLOX CPR PEL SEC 200MG 10;;autres
OFLOXACINE;OFLOCET SOL.AUR.UNDO 1.5MG 20 .5ML;;autres
OFLOXACINE;OFLOMAC CPR. PELLICU 200MG 10;;autres
OFLOXACINE;OFLOMED SOL AURIC 1.5MG 20 .5ML;;autres
OFLOXACINE;OFLOXACINE TM CPR. 200MG 10;;autres
OFLOXACINE;OFLOXYL CPR. PELLICU 200MG / B10;;autres
OFLOXACINE;OPTIFLOX COLLYRE 5ML;;autres
ACENOCOUMAROL;SINTROM CPR.SECAB 4MG 30;;autres
DOMPERIDONE;DOMPERIDONE BGR CPR. PELLICU 10MG 20;;autres
DOMPERIDONE;DOMPY CPR. 10MG 30;;autres
DOMPERIDONE;EVIDAN CPR. 10MG B10;;autres
DOMPERIDONE;EVIDAN CPR. 10MG B10;;autres
DOMPERIDONE;MOTILIUM CPR. PELLICU 10MG 40;;autres
DOMPERIDONE;NAUSELIUM CPR. PELLICU 10MG 20;;autres
DOMPERIDONE;OROPERIDYS CPR. DISPERS 10MG 21;;autres
DOMPERIDONE;PERIDYS CPR. PELLICU 10MG 21;;autres
METOPIMAZINE;VOGALENE SUP AD 5MG 10;;autres
CICLOPIROXOLAMINE;MYCOSTER CREME DERM 1% 30G;;autres
ECONAZOLE;ECONAZOLE EGN CREME DERM 1% 30G;;autres
ECONAZOLE;ECOREX OVULE 150MG 3;;autres
ECONAZOLE;ECOZOLE OVULE 150MG 3;;autres
ECONAZOLE;FONGICIL CREME 1% 30G;;autres
ECONAZOLE;FONGICIL OVULE 150MG 3;;autres
ECONAZOLE;FUNGILYSE CREME 1% 25G;;autres
ECONAZOLE;PEVAGINE CREME 1% 30G;;autres
ECONAZOLE;PEVAGINE OVULE 150MG 3;;autres
FLUCONAZOLE;CANAFLUCAN GELULE 150MG;;autres
FLUCONAZOLE;CANDI CPR. 150MG 4;;autres
FLUCONAZOLE;DIFLUZOL GELULE 150MG;;autres
FLUCONAZOLE;DIFLUZOL GELULE 150MG 2;;autres
FLUCONAZOLE;DIFLUZOL GELULE 150MG 4;;autres
FLUCONAZOLE;DURACAN CAPS 150MG;;autres
FLUCONAZOLE;FLUCAP GELULE 150MG;;autres
FLUCONAZOLE;FLUCAZOL PDR/SUS.BUV 50MG 5ML 60ML;;autres
FLUCONAZOLE;FLUCOMYC CPR. 150MG;;autres
FLUCONAZOLE;FLUCONA DENK 150MG CAPS;;autres
FLUCONAZOLE;FLUGEN PD P/SUS.BUV 50MG 5ML 60ML;;autres
FLUCONAZOLE;FLUZON CPR. 150MG 2;;autres
FLUCONAZOLE;MUKESTAT CPR. 150MG 4;;autres
FLUCONAZOLE;MYCOFLU GELULE 150MG 4;;autres
FLUCONAZOLE;NOMYC GELULE 150MG 2;;autres
FLUCONAZOLE;NOMYC GELULE 150MG 4;;autres
FLUCONAZOLE;NOMYC GELULE 150MG 7;;autres
FLUCONAZOLE;RUBIX GELULE 150MG;;autres
FLUCONAZOLE;RUBIX GELULE 150MG 2;;autres
FLUCONAZOLE;T-FLUZOLE CPR. 150MG;;autres
GRISEOFULVINE;GRISEO POM.MICRONIS 5% 15G;;autres
GRISEOFULVINE;GRISEO SALICYLEE POM.MICRONIS 5% 15G;;autres
GRISEOFULVINE;GRISEOFULVINE CPR. 250MG 300;;autres
GRISEOFULVINE;GRISEOFULVINE CRE CPR. 10BLX10 250MG PQ10;;autres
GRISEOFULVINE;GRISEOFULVINE CRE CPR. 250MG PQ10;;autres
GRISEOFULVINE;GRISEOFULVINE CRE CPR. 500MG 100 X10;;autres
GRISEOFULVINE;GRISEOFULVINE CRE CPR. 500MG B20;;autres
GRISEOFULVINE;GRISEOFULVINE CRE CPR.10BLX10 500MG 100;;autres
GRISEOFULVINE;GRISEOFULVINE PPM CPR. 500MG 100;;autres
GRISEOFULVINE;GRISEOPHARM CPR. 125MG 32;;autres
GRISEOFULVINE;GRISEOPHARM CPR. 250MG 30;;autres
GRISEOFULVINE;GRISEOPHARM CPR. 500MG 20;;autres
KETOCONAZOLE;CONASEC CREME 15G;;autres
KETOCONAZOLE;KEOZOL CREME TB 2% 30G;;autres
KETOCONAZOLE;KETOCON CREME 2% 15G;;autres
KETOCONAZOLE;KNZ CPR. 200MG 10;;autres
KETOCONAZOLE;MICOZAL CREME 2% 15G;;autres
KETOCONAZOLE;NIZODERM CREME 2% 15G;;autres
KETOCONAZOLE;PHYTORAL CPR. 200MG 10;;autres
MICONAZOLE;GYNO-MYCOLEX OVULE 400MG 3;;autres
MICONAZOLE;MICAZOLE GEL ORAL 2% 20G;;autres
MICONAZOLE;MIZOLE CREME 2% 15G;;autres
MICONAZOLE;MYCOLEX CREME 2% 20G;;autres
TERBINAFINE;TERBIGEN CREME 1% 15G;;autres
TERBINAFINE;TERBOSIL CREME 15G;;autres
ACICLOVIR;ACYCLOVIR-DENK CREME 5% 7G;;autres
ACICLOVIR;ALVIR CPR. DISPERS 200MG 30;;autres
ACICLOVIR;ALVIR CREME 5% 5G;;autres
ACICLOVIR;CICLOVIRAL CPR. 200MG 25;;autres
DESLORATADINE;AERIUS CPR. PELLICU 5MG 30;;autres
DESLORATADINE;AKEROL SIROP 2.5MG 5ML 60ML;;autres
DESLORATADINE;ALLERGUS CPR. PELLICU 5MG 15;;autres
DESLORATADINE;CLARIUS SOL BUV .5MG 1ML 150ML;;autres
DESLORATADINE;DESLATYNE CPR. 5MG 10;;autres
DESLORATADINE;DESLOCREAT SIROP 2.5MG 5ML 60ML;;autres
DESLORATADINE;DESLORA-DENK CPR. PELLICU 5MG 10;;autres
DESLORATADINE;DESLORATADINE CREA CPR. PELLICU 5MG 10;;autres
DESLORATADINE;DESLORATADINE GH CPR. PELLICU 5MG 15;;autres
DESLORATADINE;DESLORATADINE GH SUSP BUV. 60ML;;autres
DESLORATADINE;DESLORATADINE SP CPR. PELLICU 5MG 10;;autres
DESLORATADINE;DYLDES SIROP 60ML;;autres
DESLORATADINE;ERLUS CPR. PELLICU 5MG 14;;autres
DESLORATADINE;ERLUS SIROP 2.5MG 5ML 60ML;;autres
DESLORATADINE;HISTAM CPR. PELLICU 5MG 15;;autres
DESLORATADINE;HISTAM SOL BUV .5MG 150ML;;autres
DESLORATADINE;LOREUS CPR. PELLICU 5MG 15;;autres
DESLORATADINE;LOREUS SOL BUV .5MG 1ML 60ML;;autres
DESLORATADINE;LORODES SOL.BUV .5MG 1ML 60ML;;autres
DESLORATADINE;LOTARIDEX CPR. 5MG 15;;autres
DESLORATADINE;ZENTREK SIROP 2.5MG 100ML;;autres
HYDROXYZINE;ATARAX 2MG/ML SP FV 200ML;;autres
HYDROXYZINE;ATARAX CPR. PELLICU 25MG 30;;autres
LORATADINE;ALLERTIN CPR. 10MG 10;;autres
LORATADINE;BILOR SIROP 60ML;;autres
LORATADINE;CLARTEC CPR. 10MG 30;;autres
LORATADINE;LORADINE SIROP .1% 60ML;;autres
LORATADINE;LORHIST SIROP 5MG 5ML 60ML;;autres
LORATADINE;LORINOL CPR A CROQUE 10MG 10;;autres
LORATADINE;LORIT CPR. 5MG 20;;autres
LORATADINE;LORIX CPR. 10MG 15;;autres
LORATADINE;ZIFAR CPR. 10MG 14;;autres
MEQUITAZINE;PRIMALAN CPR.SECAB 10MG 14;;autres
MEQUITAZINE;PRIMALAN CPR.SECAB 5MG 14;;autres
MEQUITAZINE;QUINTANA CPR. 10MG 14;;autres
MEQUITAZINE;QUINTANA CPR. 5MG 14;;autres
MEQUITAZINE;QUINTANA SUSP BUV. 2.5MG 5ML 60ML;;autres
PROMETHAZINE;PHENERGAN CREME 2% 30G;;autres
ATENOLOL;ATENOLOL DENK CP PELLICULE 50MG B/100;;autres
ATENOLOL;BLOKIUM CPR. 50MG 30;;autres
ATENOLOL;HYPOTEN CPR. 50MG 30;;autres
ATENOLOL;NOVATEN CPR. 50MG 28;;autres
ATENOLOL;TENORMINE CPR. PELLICU 50MG 30;;autres
ATENOLOL;TENSICARD CPR. 50MG 30;;autres
BISOPROLOL;BIBLOC CPR.PELLICU 5MG 30;;autres
BISOPROLOL;BISOPROLOL BGR CPR.PELL.SEC 10MG 30;;autres
BISOPROLOL;BISOPROLOL BGR CPR.PELL.SEC 5MG 30;;autres
BISOPROLOL;BISOPROLOL SANDOZ CPR. PELLICU 10MG 30;;autres
BISOPROLOL;BISOPROLOL SANDOZ CPR. PELLICU 10MG 30;;autres
BISOPROLOL;BISOPROLOL SANDOZ CPR. PELLICU 5MG 30;;autres
BISOPROLOL;BISOPROLOL-GH CPR. PELLICU 10MG 30;;autres
AMLODIPINE;AMADAY CPR. 10MG 60;;autres
AMLODIPINE;AMADAY CPR. 5MG 30;;autres
AMLODIPINE;AMAPINE CPR. 5MG 30;;autres
AMLODIPINE;AMCAN CPR. 10MG 30;;autres
AMLODIPINE;AMCAN CPR. 5MG 30;;autres
AMLODIPINE;AMCARD CPR. 5MG 28;;autres
AMLODIPINE;AMEP CPR. 10MG 28;;autres
AMLODIPINE;AMEP CPR. 5MG 14;;autres
AMLODIPINE;AMEP CPR. 5MG 28;;autres
AMLODIPINE;AMICAL CPR. 5MG 30;;autres
AMLODIPINE;AMLIBON CPR. 5MG 30;;autres
AMLODIPINE;AMLO-DENK CPR. 10MG PQ10;;autres
AMLODIPINE;AMLO-DENK CPR. 5MG PQ10;;autres
AMLODIPINE;AMLODIPINE BIOGAR. GELULE 10MG 30;;autres
AMLODIPINE;AMLODIPINE GH CPR. 10MG 28;;autres
AMLODIPINE;AMLODIPINE GH CPR. 5MG 28;;autres
AMLODIPINE;AMLODIS CPR. 10MG 30;;autres
AMLODIPINE;AMLODIS CPR. 5MG 30;;autres
AMLODIPINE;AMLOR GELULE 10MG 30;;autres
AMLODIPINE;AMLOSTAR CPR. 10MG 30;;autres
AMLODIPINE;AMLOSTAR CPR. 5MG 30;;autres
AMLODIPINE;AMLOTENSINE CPR. 10MG 30;;autres
AMLODIPINE;AMLOTENSINE CPR. 5MG 30;;autres
AMLODIPINE;AMLOTOME CPR. 5MG 100;;autres
AMLODIPINE;AMLOTROY CPR. 10MG 30;;autres
AMLODIPINE;AMLOVAS CPR. 5MG 30;;autres
AMLODIPINE;ANGLOR CPR. 5MG 28;;autres
AMLODIPINE;CALCHEK CPR. 10MG 30;;autres
AMLODIPINE;CALCHEK CPR. 5MG 30;;autres
AMLODIPINE;CALCINIB CPR. 10MG 28;;autres
AMLODIPINE;CALCINIB CPR. 5MG 28;;autres
AMLODIPINE;LOPINE CPR. 5MG 30;;autres
CAPTOPRIL;CAPEN CPR.SECAB 25MG 30;;autres
CAPTOPRIL;CAPTOPRIL DENK CPR. 25MG 20;;autres
CAPTOPRIL;CAPTOPRIL DENK CPR. 25MG PQ10;;autres
ALPHA AMYLASE;MAXILASE 200U/ML SIROP FL125ML;;autres
ALPHA AMYLASE;MAXILASE 3000 CPR DRG BT 24;;autres
ACIDE NIFLUMIQUE;ECONIF 250MG GEL B/10;;autres
ACIDE NIFLUMIQUE;NIFLURIL 250MG GEL B/30;;autres
ACIDE NIFLUMIQUE;NIFLURIL 400MG ENF SUPPO SEC B;;autres
ACIDE NIFLUMIQUE;NIFLURIL 700MG AD SUPPO B/8;;autres
CELECOXIB;CELECOXIB BGR GELULES 200 mg;;autres
CELECOXIB;CELECOXIB TEDIS GELULES 200 mg;;autres
CELECOXIB;EXXIB GELULES 200 mg;;autres
CELECOXIB;INICOX GELULES 200 mg;;autres
CELECOXIB;OXICEB GELULES 200 mg;;autres
CELECOXIB;PLENCOXIB GELULES 200 mg;;autres
DICLOFENAC;CATAFLAM SUSP. BUV 1.8MG 1ML 120ML;;autres
DICLOFENAC;DEKLOMOL 50MG CPR PQ10;;autres
DICLOFENAC;DICLO DENK 50MG CPR B/20;;autres
DICLOFENAC;DICLO DENK 50MG CPR PQ10;;autres
DICLOFENAC;DICLOAS 50MG CPR ENR GAST RES;;autres
DICLOFENAC;DICLOFEN 100MG SUPPO B/10;;autres
DICLOFENAC;DICLOFEN 50MG CPR ENR B/30;;autres
DICLOFENAC;DICLOFENAC SODIUM TM 50MG CPR;;autres
DICLOFENAC;DIFENASOL COLLYRE .1% 5ML;;autres
DICLOFENAC;DOLEX 50MG CPR B/30;;autres
DICLOFENAC;VOTREX 50MG CPR B/20;;autres
DOMPERIDONE;CINET SIROP 1MG 1ML 200ML;;autres
DOMPERIDONE;DOMPY SUSP. ORAL 1MG 1ML 200ML;;autres
DOMPERIDONE;EVIDAN SUSP BUV. 1MG 1ML 200ML;;autres
DOMPERIDONE;EVIDAN SUSP BUV. 1MG 1ML 200ML;;autres
DOMPERIDONE;MOTILIUM SUSP. ORAL 5MG 5ML 200ML;;autres
DOMPERIDONE;NAUSELIUM SUSP. BUV 1MG 1ML 200ML;;autres
DOMPERIDONE;PERIDYS SUSP. BUV 5MG 5ML 200ML;;autres
IBUPROFENE;ANTAFENE 400MG CPR PELL B/20;;autres
IBUPROFENE;ANTAFENE BUV PED 100MG 5ML 90ML;;autres
IBUPROFENE;APIFEN CPR. 400MG 30;;autres
IBUPROFENE;BUFENOL SUSP BUV FL/120 ML;;autres
IBUPROFENE;CREAFEN 400MG CPR PELL B/30;;autres
IBUPROFENE;DOLVEN 400MG CPR PELL B/20;;autres
IBUPROFENE;DOLVEN SIROP 100MG 5ML 120ML;;autres
IBUPROFENE;IBUDOL 100MG 5ML 100ML;;autres
IBUPROFENE;IBUDOL 400MG CPR B/20;;autres
IBUPROFENE;IBUPROFEN GH 100MG 5ML 200ML;;autres
IBUPROFENE;IBUPROFENE AFRICURE 400MG CPR;;autres
IBUPROFENE;IBUPROFENE BIOG 400MG CPR PELL;;autres
IBUPROFENE;IBUPROFENE CREAT 400MG CPR 10;;autres
IBUPROFENE;IBUPROFENE DENK 400MG CPR10;;autres
IBUPROFENE;IBUPROFENE IG 400MG CAPS MOLLE;;autres
IBUPROFENE;KALFEN 100MG 5ML 60ML;;autres
IBUPROFENE;KALFEN 400MG CPR PELL 10;;autres
IBUPROFENE;NUREFLEX CPR. ENROB. 400MG 20;;autres
IBUPROFENE;NUREFLEX CPR. ENROB. 400MG 24;;autres
IBUPROFENE;NUROFENFEM CPR. PELLICU 400MG 12;;autres
IBUPROFENE;PEDIFEN ENF 100MG 5ML 100ML;;autres
IBUPROFENE;SPEDIFEN CPR. PELLICU 400MG 12;;autres
IBUPROFENE;TASKINE CAPS MOLLE 400MG 20;;autres
IBUPROFENE;TRIFENE BUV 100MG 5ML 200ML;;autres
INDOMETACINE;RECTOFLAM SUPPO 100MG 10;;autres
KETOPROFENE;AXEN SUP AD 100MG 10;;autres
KETOPROFENE;KETOFLEX SUPPO 100MG 10;;autres
KETOPROFENE;KETONAL 100MG CPR B/20;;autres
KETOPROFENE;KETONAL SUPPO 100MG 12;;autres
KETOPROFENE;KETOPROFEN GH 100MG CPR B/30;;autres
KETOPROFENE;KETOPROFEN GH SUP 100MG 12;;autres
KETOPROFENE;KETOPROFENE UBI 100MG CPR 10 B;;autres
KETOPROFENE;PROFENID SUP AD 100MG 12;;autres
KETOPROFENE;PROKEFEN 100MG CPR DISP B/30;;autres
KETOPROFENE;PROKEFEN SUPPO 100MG 10;;autres
ARTESUNATE;ALLNAT F.IV LYOPH 120MG;;autres
ARTESUNATE;ALLNAT F.IV LYOPH 60MG;;autres
ARTESUNATE;AQUANATE AMP. INJ. 60MG;;autres
ARTESUNATE;ARTEGEN FL.POUDRE 60MG 2ML;;autres
ARTESUNATE;ARTESUN FL.POUDRE 120MG;;autres
ARTESUNATE;ARTESUN FL.POUDRE 30MG;;autres
ARTESUNATE;ARTESUN FL.POUDRE 60MG;;autres
ARTESUNATE;ARTESUPPO SUP.SECABL. 100MG B/6;;autres
ARTESUNATE;ARTESUPPO SUP.SECABL. 200MG B/6;;autres
ARTESUNATE;ARTESUPPO SUP.SECABL. 50MG B/6;;autres
ARTESUNATE;CIELSUNATE PDR INJ+SOLV 120MG;;autres
ARTESUNATE;CIELSUNATE PDR INJ+SOLV 60MG;;autres
ARTESUNATE;GEN-M FL.POUDRE 120MG;;autres
ARTESUNATE;GEN-M FL.POUDRE 120MG;;autres
ARTESUNATE;GEN-M FL.POUDRE 30MG;;autres
ARTESUNATE;GEN-M FL.POUDRE 30MG;;autres
ARTESUNATE;GEN-M FL.POUDRE 60MG;;autres
ARTESUNATE;GEN-M FL.POUDRE 60MG;;autres
ARTESUNATE;LARINATE FL.POUDRE 60MG;;autres
ARTESUNATE;MALAVAN FL.POUDRE 120MG;;autres
ARTESUNATE;MALAVAN FL.POUDRE 60MG;;autres
ARTESUNATE;MALAVAN PDR SOL INJ 30MG;;autres
ARTESUNATE;MALAVAN SUP 50MG 2;;autres
ARTESUNATE;PHARSUNATE PD.SOL IM/IV 120MG;;autres
ARTESUNATE;PLASMOTRIM RECTOCAPS 50MG B/6;;autres
ARTESUNATE;RAPINATE AMP. INJ. 120MG 1ML;;autres
ARTESUNATE;RAPINATE AMP. INJ. 60ML;;autres
ARTESUNATE;SUNATE PDR V. IM/IV 60MG;;autres
ARTESUNATE;SUNAVEINE FL + SOLV 120MG;;autres
ARTESUNATE + MEFLOQUINE;ARTEQUIN LACT.300/375MG B/6;;autres
ARTESUNATE + MEFLOQUINE;ARTEQUIN LACT.600/750MG B/6;;autres
ARTESUNATE + PYRONARIDINE;PYRAMAX CPR 180MG/ 60MG B/6;;autres
ARTESUNATE + PYRONARIDINE;PYRAMAX S.BUV 60MG/ 20MG B/6;;autres
DIHYDROARTEMISININ + PIPERAQUINE;ASARTEM-P CPR. 40MG/ 320MG 9;;autres
DIHYDROARTEMISININ + PIPERAQUINE;ASARTEM-P PD S/BUV 90/ 720MG 60ML;;autres
DIHYDROARTEMISININ + PIPERAQUINE;COMBICURE SP CP.PEL 40MG/ 320MG 9;;autres
DIHYDROARTEMISININ + PIPERAQUINE;COMBICURE SP SUSP 90MG/ 720MG 5ML 60ML;;autres
DIHYDROARTEMISININ + PIPERAQUINE;DARTE Q GELULE 8;;autres
DIHYDROARTEMISININ + PIPERAQUINE;D-ARTEPP CPR PELL20MG 160MG 6;;autres
DIHYDROARTEMISININ + PIPERAQUINE;D-ARTEPP CPR PELL40MG 320MG 6;;autres
DIHYDROARTEMISININ + PIPERAQUINE;D-ARTEPP CPR PELL40MG 320MG 9;;autres
DIHYDROARTEMISININ + PIPERAQUINE;D-ARTEPP CPR PELL80MG 640MG 6;;autres
DIHYDROARTEMISININ + PIPERAQUINE;DIARTEM IG CP.PEL 120/ 960MG 3;;autres
DIHYDROARTEMISININ + PIPERAQUINE;DIARTEM IG CP.PEL 320/ 40MG 12;;autres
DIHYDROARTEMISININ + PIPERAQUINE;DIARTEM IG CPR. PELLICU 1G ADLT 3;;autres
DIHYDROARTEMISININ + PIPERAQUINE;DIARTEM IG PD P/SUS.BUV 120ML;;autres
DIHYDROARTEMISININ + PIPERAQUINE;DIP 3 CPR SEC 40/ 320MG 9;;autres
DIHYDROARTEMISININ + PIPERAQUINE;DIPHOS CPR. 40MG/ 320MG 9;;autres
DIHYDROARTEMISININ + PIPERAQUINE;DUO COTECXIN CPR. 40MG/ 320MG 9;;autres
DIHYDROARTEMISININ + PIPERAQUINE;DUOCOTEXCIN CPR. 320MG 8 /40;;autres
DIHYDROARTEMISININ + PIPERAQUINE;DUOQUIN CP.PEL 320/ 40MG 8;;autres
DIHYDROARTEMISININ + PIPERAQUINE;DUOTAB CPR. 40MG/ 320MG 9;;autres
DIHYDROARTEMISININ + PIPERAQUINE;DYARIAM CPR. 40MG/ 320MG 10;;autres
DIHYDROARTEMISININ + PIPERAQUINE;EURARTESIM CP.PEL 40MG/ 320MG 9;;autres
DIHYDROARTEMISININ + PIPERAQUINE;EURARTESIM CP.PEL320MG/ 40MG 12;;autres
DIHYDROARTEMISININ + PIPERAQUINE;MALACUR CP.DIS 20MG/ 160MG 6;;autres
DIHYDROARTEMISININ + PIPERAQUINE;MALACUR CPR. 40MG/ 320MG 12;;autres
DIHYDROARTEMISININ + PIPERAQUINE;MALACUR CPR. 40MG/ 320MG 9;;autres
DIHYDROARTEMISININ + PIPERAQUINE;MALACUR SUS B 90MG/ 720MG 5ML 60ML;;autres
DIHYDROARTEMISININ + PIPERAQUINE;PLASMOCUR CPR. 20MG/ 160MG 6;;autres
DIHYDROARTEMISININ + PIPERAQUINE;PLASMOCUR CPR. 40MG/ 320MG 12;;autres
DIHYDROARTEMISININ + PIPERAQUINE;PLASMOCUR CPR. 40MG/ 320MG 6;;autres
DIHYDROARTEMISININ + PIPERAQUINE;PLASMOCUR CPR. 40MG/ 320MG 9;;autres
DIHYDROARTEMISININ + PIPERAQUINE;PLASMOCUR CPR. 80MG/ 640MG 6;;autres
DIHYDROARTEMISININ + PIPERAQUINE;PLASMOCUR CPR. 80MG/ 640MG 8;;autres
DIHYDROARTEMISININ + PIPERAQUINE;PLASMOCUR SUSP BUV. 60ML;;autres
DIHYDROARTEMISININ + PIPERAQUINE;PLASMOCUR SUSP BUV. 90ML;;autres
DIHYDROARTEMISININ + PIPERAQUINE;RIDMAL CP.PEL 40MG/ 320MG 12;;autres
DIHYDROARTEMISININ + PIPERAQUINE;RIDMAL CP.PEL 40MG/ 320MG 3;;autres
DIHYDROARTEMISININ + PIPERAQUINE;RIDMAL CP.PEL 40MG/ 320MG 6;;autres
DIHYDROARTEMISININ + PIPERAQUINE;RIDMAL CP.PEL 40MG/ 320MG 9;;autres
DIHYDROARTEMISININ + PIPERAQUINE;RIDMAL CPR. 120MG/ 960MG 3;;autres
DIHYDROARTEMISININ + PIPERAQUINE;RIDMAL CPR. 80MG/ 640MG 3;;autres
DIHYDROARTEMISININ + PIPERAQUINE;RIDMAL CPR. 80MG/ 640MG 6;;autres
DIHYDROARTEMISININ + PIPERAQUINE;RIDMAL DT CPR 20MG/ 160MG 3;;autres
DIHYDROARTEMISININ + PIPERAQUINE;RIDMAL DT CPR. 40MG/ 320MG 3;;autres
QUININE;ARSIQUINOFORME CPR. PELLICU 250MG 15;;autres
QUININE;QUINEX CPR. PELLICU 300MG 18;;autres
QUININE;QUININE SULF APH CPR. 300MG 20;;autres
QUININE;QUININE SULFAT CRE CPR. 300MG 10;;autres
QUININE;SURQUINA CPR. 250MG 18;;autres
SULFADOXINE + PYRIMETHAMINE;COMBIMAL CPR. 500MG 50 /25;;autres
SULFADOXINE + PYRIMETHAMINE;FANSIDAR CPR. 150 B3;;autres
SULFADOXINE + PYRIMETHAMINE;LARIDOX CPR. 525MG 3;;autres
SULFADOXINE + PYRIMETHAMINE;MADAR CPR. 3;;autres
SULFADOXINE + PYRIMETHAMINE;MALOXINE CPR.SECAB 3;;autres
SULFADOXINE + PYRIMETHAMINE;PALUXINE SULF/PYRI CPR. 25MG/ 500MG 3;;autres
SULFADOXINE + PYRIMETHAMINE;SP-LIC CPR. 525MG 3;;autres
BENZOATE DE BENZYLE;ASCALOL LOTION 25% 125ML;;autres
BENZYDAMINE;C-PLUS BAIN BOUCHE 120ML;;autres
BENZYDAMINE;VERAX BLEU COLUT 15% 120ML;;autres
BENZYDAMINE;VERAX BLEU COLUT 15% 30ML;;autres
HEXAMIDINE;HEXOMEDINE SOL. LOCALE .1% 250ML;;autres
POLIVIDONE IODEE;BETADINE SOL GYNECO 10% 125ML;;autres
POLIVIDONE IODEE;BETADINE SOL. LOCALE 10% 125ML;;autres
POLIVIDONE IODEE;BETADINE SOL.SCRUB 4% 125ML;;autres
POLIVIDONE IODEE;PYODINE SOL. 10% 60ML;;autres
POLIVIDONE IODEE;PYODINE SURGIC.SCRUB 10% 60ML;;autres
PHLOROGLUCINOL;KINAFON CPR. ENROB. 80MG 30;;autres
PHLOROGLUCINOL;SPASMOCALM CPR ORODISP. 80MG 20;;autres
PHLOROGLUCINOL;SPASMOSYL CPR. DISPERS 80MG 20;;autres
TRIMEBUTINE;DEBRIDAT CPR. PELLICU 100MG 30;;autres
TRIMEBUTINE;DEBRIDAT CPR. PELLICU 200MG 30;;autres
TRIMEBUTINE;DEBRIDAT PD P/SUS.BUV 7.87MG 1ML 250ML;;autres
TRIMEBUTINE;DIGESTAT SUPPO 100MG 10;;autres
TRIMEBUTINE;SPASMOBUTINE GRAN/SUS.BUV 250ML;;autres
TRIMEBUTINE;TRIBUTINE GRAN/SUS.BUV .787% 250ML;;autres
TIEMONIUM;VISCERALGINE CPR. PELLICU 50MG 30;;autres
TIEMONIUM;VISCERALGINE SIROP 10MG 5ML 150ML;;autres
TIEMONIUM;VISCERALGINE SUP AD 20MG 20;;autres
PHOLCODINE;BIOCALYPTOL SP 131% 200ML;;autres
OMEPRAZOLE;DAFRAZOL GELULE 20MG 28;;autres
OMEPRAZOLE;GASPRAL GELULE 20MG 30;;autres
OMEPRAZOLE;IPEPRAZOLE CPR.ENR.GAST 20MG 14;;autres
OMEPRAZOLE;IPP GELULE 20MG 28;;autres
OMEPRAZOLE;LOMAC GELULE 20 MG B/14;;autres
OMEPRAZOLE;OMEGEN GELULE MCGR 20MG 28;;autres
OMEPRAZOLE;OMEPRAZOLE UBI 20MG CPR.10;;autres
OMEPRAZOLE;OMETIL GELULE 20MG 10;;autres
OMEPRAZOLE;OMIZEC GELULE 20MG 28;;autres
OMEPRAZOLE;OPRAZOLE CPR. 20MG 28;;autres
OMEPRAZOLE;SEZOL GELULE 20MG 30;;autres
OMEPRAZOLE;T-OCID GELULE 20MG 10;;autres
OMEPRAZOLE;ULCIZONE GELULE 20MG 14;;autres
CYANOCOBALAMINE;VITAMINE B12 COLLYRE .5% 5ML;;autres
XYLENE;CERULYSE GTTES OTO. 5% 10ML;;autres
BETAMETHASONE;ALERGOSONE GTTESBUV 5MG 1ML 30ML;;autres
BETAMETHASONE;BETAMED SUSP BUV GTT 30ML;;autres
BETAMETHASONE;BETAMETHASONE ARR GTTES 05% 30ML;;autres
BETAMETHASONE;BETASONE GTTESBUV 5MG 1ML 30ML;;autres
BETAMETHASONE;BETASTENE CPR. DISPERS 2MG 20;;autres
BETAMETHASONE;BETASTENE GTTESBUV 5% 30ML;;autres
BETAMETHASONE;CELESTENE CPR. DISPERS 2MG 20;;autres
BETAMETHASONE;CELESTENE GTTESBUV 5MG 1ML 30ML;;autres
DESONIDE;LOCAPRED CREME 0.1% T/15 G;;autres
DESONIDE;LOCATOP 0.1% CREME TB 30G;;autres
DESONIDE;TRIDESONIT CREME T/30 G;;autres
DEXAMETHASONE;DEXAMEX 0.1% COLL F/5ML;;autres
DEXAMETHASONE;MAXIDEX CY 0.1% FL/3 ML;;autres
DEXAMETHASONE + OXYTETRACYCLINE;STERDEX POMMADE OPHTALMIQUE;;autres
METHYLPREDNISOLONE;MEDROL CPR.SECAB 4MG 30;;autres
PREDNISOLONE;CORTANCYL 20MG CPR B/20;;autres
PREDNISOLONE;CORTANCYL 5MG CPR BT 30;;autres
PREDNISOLONE;CORTIPRED 20MG CPR B/20;;autres
PREDNISOLONE;DERINOX SOL PULV NAS F/15ML;;autres
PREDNISOLONE;ISOLONE 20MG CPR EFFV B/20;;autres
PREDNISOLONE;ISOLONE 5MG CPR EFFV B/30;;autres
PREDNISOLONE;OPTIPRED COLLYRE 1% 5ML;;autres
PREDNISOLONE;PREDNI 20MG COOPER CPR SEC EFF;;autres
PREDNISOLONE + NEOMYCINE;NEOPRED COLLYRE 5ML;;autres
EAU DE MER;PHYSIOMERSPR NAS HYPE 135ML;;autres
EAU DE MER;STERIMARS.HYP NAS AD 50ML;;autres
EAU DE MER;UNIMERS.NAS HY PED 22% 100ML;;autres
OXYMETAZOLINE;RESPIBIEN NEBUL NASAL .05% 15ML;;autres
ACIDE TRANEXAMIQUE;EXACYL A.BUV 1G 5 10ML;;autres
ACIDE TRANEXAMIQUE;EXACYL CPR. PELLICU 500MG 20;;autres
ACIDE TRANEXAMIQUE;TRENAXA CPR. PELLICU 500MG 30;;autres
ALLOPURINOL;ALLOPURINOL ARROW CPR. 200MG 28;;autres
ALLOPURINOL;ZYLORIC CPR.SECAB 100MG 28;;autres
ALLOPURINOL;ZYLORIC CPR.SECAB 200MG 28;;autres
CHLORURE DE SODIUM;LARMES ARTIFICIE COLLYRE 10ML;;autres
CHLORURE DE SODIUM;VITASOL SOL P/LENTI. 24 10ML;;autres
METHYLDOPA;ALDOMET CPR. ENROB. 250MG 30;;autres
ATROPINE;ATROPINE ALCON COLLYRE .5% 10ML;;autres
NIFUROXAZIDE;APAZIDE GELULE 200MG 16;;autres
NIFUROXAZIDE;DIARYL GELULE 200MG 20;;autres
NIFUROXAZIDE;DIARYL SUSP. BUV 200MG 5ML 60ML;;autres
NIFUROXAZIDE;DYSENTYL GELULE 200MG 30;;autres
NIFUROXAZIDE;ERCEFURYL GELULE 200MG 28;;autres
NIFUROXAZIDE;NIFOX GELULE 200MG 16;;autres
METRONIDAZOLE;AMIBAZOL SUSP. BUV 125MG 5ML 100ML;;autres
METRONIDAZOLE;CIMETROL CPR. 500MG 20;;autres
METRONIDAZOLE;METROL SUSP BUV. 125MG 5ML 120ML;;autres
METRONIDAZOLE;METRONIDAZOL CRE CPR. 250MG PQ10;;autres
METRONIDAZOLE;METRONIDAZOL CRE CPR. 500MG 20;;autres
METRONIDAZOLE;METRONIDAZOLE QT CPR. 500MG 10;;autres
METRONIDAZOLE;METRONIDAZOLE QT SUSP. BUV 125MG 5ML 100ML;;autres
METRONIDAZOLE;METRONIDAZOLE TM CPR. 500MG 20;;autres
METRONIDAZOLE;METRONIDAZOLE UBI 250MG CPR 10;;autres
METRONIDAZOLE;METRONIDAZOLE UBI PDR/SIROP 125MG 5ML 100ML;;autres
METRONIDAZOLE;METRONYL SIROP 200MG 5ML 100ML;;autres
METRONIDAZOLE;METROWIN CPR. 250MG 20;;autres
METRONIDAZOLE;METROWIN CPR. 500MG 10;;autres
METRONIDAZOLE;METROZAL SUSP BUV. 125MG 5ML 120ML;;autres
NIFEDIPINE;NIFCAL CPR. 10MG 30;;autres
NIFEDIPINE;NIFEDI-DENK CPR L.P 10MG 10;;autres
