localite;denomination
ABENGOUROU;GRANDE PHARMACIE BELLE FONTAINE
ABENGOUROU;NOUVELLE PHARMACIE DU CARREFOUR
ABENGOUROU;PHARMACIE APPROMPRONOU
ABENGOUROU;PHARMACIE DE L'INDENIE
ABENGOUROU;PHARMACIE DU COMMERCE ABENGOUROU
ABENGOUROU;PHARMACIE DU MARCHE D'ABENGOUROU
ABENGOUROU;PHARMACIE MOYA ABENGOUROU
ABENGOUROU;PHARMACIE PROVIDENCE NOUVELLE
ABENGOUROU;PHARMACIE SAINT HENRI
ABENGOUROU;PHARMACIE SAINTE FAMILLE ABENGOUROU
ABOBO;NOUVELLE PHARMACIE ABOBO BELLEVILLE
ABOBO;NOUVELLE PHARMACIE DE LA ME
ABOBO;NOUVELLE PHARMACIE MATENE
ABOBO;NOUVELLE PHARMACIE MIRIA
ABOBO;NOUVELLE PHARMACIE PRINCIPALE D'ABOBOTE
ABOBO;NOUVELLE PHARMACIE ROUTE D'ANYAMA
ABOBO;NOUVELLE PHARMACIE SAINTE CROIX
ABOBO;NOUVELLE PHARMACIE SAINTE ODILE
ABOBO;PHARMACIE ABOBO GRAND MARCHE
ABOBO;PHARMACIE ABOBO SANTE
ABOBO;PHARMACIE ABOBO SOGEFIHA
ABOBO;PHARMACIE ACTUELLE
ABOBO;PHARMACIE AL-FATIH
ABOBO;PHARMACIE AMINA
ABOBO;PHARMACIE AVOCATIER MARCHE
ABOBO;PHARMACIE AZUR
ABOBO;PHARMACIE BADRA SADJA ALIOU
ABOBO;PHARMACIE BARAKA
ABOBO;PHARMACIE BELLE CITE
ABOBO;PHARMACIE BIABOU MOSQUEE
ABOBO;PHARMACIE CARREFOUR ANADOR
ABOBO;PHARMACIE CARREFOUR DIALLO
ABOBO;PHARMACIE CARREFOUR KOBAKRO
ABOBO;PHARMACIE CARREFOUR N'DOTRE
ABOBO;PHARMACIE DE L'ANTENNE ABOBO
ABOBO;PHARMACIE DE L'ETOILE SARL U
ABOBO;PHARMACIE DE LA CITE D'ABOBO
ABOBO;PHARMACIE DU MARCHE AKEIKOI
ABOBO;PHARMACIE DU MONASTERE
ABOBO;PHARMACIE DU RAIL
ABOBO;PHARMACIE EMS SANTE
ABOBO;PHARMACIE ESPERANCE
ABOBO;PHARMACIE FIRDAOUS
ABOBO;PHARMACIE LA PAIX
ABOBO;PHARMACIE LA PROVIDENCE SARL
ABOBO;PHARMACIE LA VIERGE DU SIGNE
ABOBO;PHARMACIE MAGNIFICAT
ABOBO;PHARMACIE MARCHE VALENTIN
ABOBO;PHARMACIE MILIE-HEVIE DU PK18
ABOBO;PHARMACIE NOURAM
ABOBO;PHARMACIE OLYMPIQUE
ABOBO;PHARMACIE PETIT MARCHE DU DOKUI
ABOBO;PHARMACIE PLAQUE ANADOR
ABOBO;PHARMACIE RACINES
ABOBO;PHARMACIE RAHMAN
ABOBO;PHARMACIE ROND POINT SAMAKE
ABOBO;PHARMACIE ROUTE D'ALEPE SARL U
ABOBO;PHARMACIE SAFIR ASSISTANCE
ABOBO;PHARMACIE SAINT ALEXANDRE
ABOBO;PHARMACIE SAINT FRANCOIS XAVIER
ABOBO;PHARMACIE SAINTE ANNE DE ABOBO BAOULE
ABOBO;PHARMACIE SERVIR SARLU
ABOBO;PHARMACIE ST ANTOINE SAGBE CELESTE
ABOBO;PHARMACIE SYNOVIE
ABOBO;PHARMACIE YANDI
ABOBO;PHARMACIE ZANON PIERRE
ABOISSO;GRANDE PHARMACIE DU SANWI
ABOISSO;PHARMACIE DE LA RIVE GAUCHE
ABOISSO;PHARMACIE DIVIN-AMOUR DE N'ZIKRO
ABOISSO;PHARMACIE DU MARCHE
ABOISSO;PHARMACIE GMC
ABOISSO;PHARMACIE MANEKA
ABOISSO;PHARMACIE REHOBOTH DE BIANOUAN
ABOISSO;PHARMACIE SOKOURA ABOISSO
ABOISSO;PHARMACIE ST JOSEPH
ADIAKE;PHARMACIE D'ADIAKE
ADIAKE;PHARMACIE DE LA GARE
ADJAME;LA GRANDE PHARMACIE DU CHATEAU D'EAU
ADJAME;LA PHARMACIE DU FORUM
ADJAME;NOUVELLE PHARMACIE DE L'ESPOIR (ADJAME)
ADJAME;NOUVELLE PHARMACIE DES 220 LOGEMENTS
ADJAME;NOUVELLE PHARMACIE DU MARCHE ADJAME
ADJAME;PHARMACIE ADJAME LATIN
ADJAME;PHARMACIE CHRIST MARIE DE PAILLET
ADJAME;PHARMACIE CHRIST-STELLA
ADJAME;PHARMACIE DE LA GRANDE MOSQUEE D'ADJAME
ADJAME;PHARMACIE DE LA MAIRIE
ADJAME;PHARMACIE DE LA PROVIDENCE
ADJAME;PHARMACIE DES GARES
ADJAME;PHARMACIE DU BANCO SARL
ADJAME;PHARMACIE DU PROGRES
ADJAME;PHARMACIE DU TRIOMPHE
ADJAME;PHARMACIE KORO ADJAME
ADJAME;PHARMACIE LE BELIER
ADJAME;PHARMACIE MARIE THERESE D'ADJAME
ADJAME;PHARMACIE SAINTE ROSALIE
ADJAME;PHARMACIE SARAH
ADJAME;PHARMACIE SCHIBA
ADJAME;PHARMACIE ST EMMANUEL (ADJAME)
ADJAME;PHARMACIE WILLIAMSVILLE SARL
ADZOPE;PHARMACIE LOUISE-ANTOINE
ADZOPE;PHARMACIE SAINT LAURENT ADZOPE
ADZOPE;PHARMACIE SAINTE MARIE D'ELVE
AFFERY;NOUVELLE PHARMACIE D'AFFERY
AFFERY;PHARMACIE SAINT PIERRE D'AFFERY
AGBOVILLE;GRANDE PHARMACIE DE L'AGNEBY
AGBOVILLE;GRANDE PHARMACIE DU COMMERCE AGBOVILLE
AGBOVILLE;NOUVELLE PHARMACIE SOKOURA AGBOVILLE
AGBOVILLE;PHARMACIE DU CHATEAU AGBOVILLE
AGBOVILLE;PHARMACIE EL KABOD AGBOVILLE
AGBOVILLE;PHARMACIE MOAYE AGBOVILLE
AGBOVILLE;PHARMACIE SINIKENEYA
AGNIBILEKROU;NOUVELLE PHARMACIE DU DJUABLIN
AGNIBILEKROU;PHARMACIE AVENIR SANTE
AGNIBILEKROU;PHARMACIE DE MAI
AGNIBILEKROU;PHARMACIE K. BOILOT
AGNIBILEKROU;PHARMACIE PLENITUDE
AGOU;PHARMACIE SHEKINA D'AGOU
AKOUPE;GRANDE PHARMACIE D'AKOUPE
AKOUPE;NOUVELLE PHARMACIE KETTE
ALEPE;PHARMACIE D'ALEPE
ALEPE;PHARMACIE FLOMESYS
ANDE;PHARMACIE LA GRACE DE ANDE
ANIASSUE;PHARMACIE STE MARIE THERESE D'ANIASSUE
ANYAMA;PHARMACIE AN-NASR
ANYAMA;PHARMACIE BELLEVILLE D'ANYAMA
ANYAMA;PHARMACIE D'ATTINGUIE
ANYAMA;PHARMACIE DU CARREFOUR ANCIENNE GENDARMERIE
ANYAMA;PHARMACIE DU CHATEAU(ANYAMA)
ANYAMA;PHARMACIE DU MARCHE D'ANYAMA
ANYAMA;PHARMACIE LE LABELLE
ANYAMA;PHARMACIE MARIAMA ALLOKOI
ANYAMA;PHARMACIE MEYDEBA
ARRAH;PHARMACIE ARRAH
ARRAH;PHARMACIE YENI D'ARRAH
ASSUEFRY;PHARMACIE ASSUEFRY
ATTECOUBE;NOUVELLE PHARMACIE FATIMA SARL
ATTECOUBE;NOUVELLE PHARMACIE SAINT-ETIENNE
ATTECOUBE;PHARMACIE AGOUA
ATTECOUBE;PHARMACIE D'ABOBO-DOUME
ATTECOUBE;PHARMACIE D'AGBAN
ATTECOUBE;PHARMACIE D'ATTECOUBE
ATTECOUBE;PHARMACIE DE LOCODJORO SARL
ATTECOUBE;PHARMACIE DU ROND POINT ATTECOUBE
ATTECOUBE;PHARMACIE MERE DE GRACES
ATTECOUBE;PHARMACIE REHOBOTH
ATTECOUBE;PHARMACIE SAINTE ADELE DE ABOBODOUME
AZAGUIE;PHARMACIE REINE DES ANGES
BANGOLO;PHARMACIE DE BANGOLO
BANGOLO;PHARMACIE SAINTE FAMILLE DE NAZARETH
BAYOTA;PHARMACIE APPY MOYA
BAYOTA;PHARMACIE KATA DE BAYOTA
BEOUMI;NOUVELLE PHARMACIE DE BEOUMI
BETTIE;NOUVELLE PHARMACIE DE BETTIE
BIANKOUMAN;NOUVELLE PHARMACIE ESPOIR BIANKOUMA
BIEBY;PHARMACIE HO'FREDO DE BIEBY
BINGERVILLE;LA GRANDE PHARMACIE DE GBAGBA
BINGERVILLE;NOUVELLE PHARMACIE NISSI
BINGERVILLE;PHARMACIE AKANDJE
BINGERVILLE;PHARMACIE AMARYLLIS
BINGERVILLE;PHARMACIE DU MARCHE DE BINGERVILLE
BINGERVILLE;PHARMACIE IDUREIL
BINGERVILLE;PHARMACIE LES COLOMBES
BINGERVILLE;PHARMACIE NOTRE DAME DE LA NATIVITE
BINGERVILLE;PHARMACIE SAINT SYLVESTRE
BINGERVILLE;PHARMACIE SAINTE MARIE DE LA CELLE
BINGERVILLE;PHARMACIE SAINTS ANDRE ET MARTHE
BLOLEQUIN;PHARMACIE NOUVELLE BLOLEQUIN
BLOLEQUIN;PHARMACIE SAINTE MARIE DE BLOLEQUIN
BONDOUKOU;NOUVELLE PHARMACIE CHOQUET
BONDOUKOU;PHARMACIE DU LYCEE
BONDOUKOU;PHARMACIE DU ZANZAN
BONDOUKOU;PHARMACIE NOTRE DAME-BONDOUKOU
BONDOUKOU;PHARMACIE NOUVELLE
BONGOUANOU;PHARMACIE DE BONGOUANOU
BONGOUANOU;PHARMACIE DE SION BONGOUANOU
BONON;PHARMACIE BELLE VILLE BONON
BONOUA;PHARMACIE CATHERINE SAMO
BONOUA;PHARMACIE DE BONOUA
BONOUA;PHARMACIE EBEN-EZER SARL U
BONOUA;PHARMACIE SAINTE RITA DE BONOUA
BOROTOU;PHARMACIE BIEN-ETRE (BOROTOU-KORO)
BOTRO;PHARMACIE DE BOTRO
BOUAFLE;NOUVELLE PHARMACIE DE L'ALLIANCE
BOUAFLE;PHARMACIE MIENSI DE GARANGO
BOUAFLE;PHARMACIE PROVIDENCE BOUAFLE
BOUAFLE;PHARMACIE SAINT AUGUSTIN
BOUAKE;GRANDE PHARMACIE DE BELLEVILLE
BOUAKE;GRANDE PHARMACIE TSF DE BOUAKE
BOUAKE;NOUVELLE PHARMACIE DE SOKOURA
BOUAKE;NOUVELLE PHARMACIE DES SAVANES
BOUAKE;NOUVELLE PHARMACIE SAINT PIERRE NIMBO
BOUAKE;PHARMACIE DAR ES SALAM
BOUAKE;PHARMACIE DU COMMERCE KODJO
BOUAKE;PHARMACIE DU GBEKE
BOUAKE;PHARMACIE DU MARCHE DE GROS DE BOUAKE
BOUAKE;PHARMACIE ESPOIR
BOUAKE;PHARMACIE FATIMA
BOUAKE;PHARMACIE KENEYA
BOUAKE;PHARMACIE KOKO
BOUAKE;PHARMACIE LIBERTE (BOUAKE)
BOUAKE;PHARMACIE MARCHE MAROC
BOUAKE;PHARMACIE MBOUAFOUÊ
BOUAKE;PHARMACIE MODERNE KENNEDY
BOUAKE;PHARMACIE NOTRE DAME DE L'ESPERANCE
BOUAKE;PHARMACIE NOTRE DAME DE LA PAIX
BOUAKE;PHARMACIE OPRIEL
BOUAKE;PHARMACIE SAINT JACQUES
BOUAKE;PHARMACIE SAINT JEAN BOUAKE
BOUAKE;PHARMACIE SAINT MARC BROUKRO
BOUAKE;PHARMACIE SAINTE CATHERINE
BOUAKE;PHARMACIE SAINTE FAMILLE DE TOLLAKOUADIOKRO
BOUAKE;PHARMACIE SAINTE MARIE N'GATTAKRO
BOUAKE;PHARMACIE STE MADELAINE NIMBO 18 LGTS
BOUAKE;PHARMACIE VICTOR TENENA
BOUNA;LA GRANDE PHARMACIE DU BOUNKANI
BOUNA;NOUVELLE PHARMACIE DE BOUNA
BOUNDIALI;PHARMACIE DES FAMILLES
BOUNDIALI;PHARMACIE FATIMA
BUYO;NOUVELLE PHARMACIE DE BUYO
COCODY;GRANDE PHARMACIE DES 2 PLATEAUX
COCODY;GRANDE PHARMACIE DU JUBILE
COCODY;GRANDE PHARMACIE MARIE ESTHER
COCODY;NOUVELLE PHARMACIE DE LA CITE SIR
COCODY;NOUVELLE PHARMACIE DUNIA
COCODY;NOUVELLE PHARMACIE NOTRE DAME DU REFUGE
COCODY;PHARMACIE 8EME TRANCHE
COCODY;PHARMACIE ABATTA VILLAGE
COCODY;PHARMACIE ANALYA
COCODY;PHARMACIE ANGRE
COCODY;PHARMACIE ARC EN CIEL
COCODY;PHARMACIE ARNICA
COCODY;PHARMACIE AURORE
COCODY;PHARMACIE BEL HORIZON
COCODY;PHARMACIE BELLE VUE D'ANGRE
COCODY;PHARMACIE BEREKYAH SARL.U
COCODY;PHARMACIE BETHEL ATTOBAN
COCODY;PHARMACIE BOAZ
COCODY;PHARMACIE BONNE FORTUNE
COCODY;PHARMACIE BOULEVARD Y4
COCODY;PHARMACIE CADUCEE MODERNE
COCODY;PHARMACIE CEPHAS
COCODY;PHARMACIE CHARISMA
COCODY;PHARMACIE CYD NIKO DES LAURIERS
COCODY;PHARMACIE DE BLOCKHAUSS
COCODY;PHARMACIE DE COCODY SARL
COCODY;PHARMACIE DE L'IMMACULEE CONCEPTION
COCODY;PHARMACIE DE L'IVOIRE SARL-U
COCODY;PHARMACIE DE L'OASIS DE PAIX
COCODY;PHARMACIE DE LA CITE ROUGE
COCODY;PHARMACIE DE LA CORNICHE
COCODY;PHARMACIE DE LA DJIBI
COCODY;PHARMACIE DES ALLEES
COCODY;PHARMACIE DES GRACES(II PLATEAUX)
COCODY;PHARMACIE DES HALLES
COCODY;PHARMACIE DES LAUREADES
COCODY;PHARMACIE DES NATIONS
COCODY;PHARMACIE DU BONHEUR SARL
COCODY;PHARMACIE DU CHATEAU D'EAU D'ANGRE
COCODY;PHARMACIE DU LYCEE TECHNIQUE
COCODY;PHARMACIE DU PATRIMOINE
COCODY;PHARMACIE DU VALLON
COCODY;PHARMACIE EAU VIVE
COCODY;PHARMACIE EBENA
COCODY;PHARMACIE ELIEZER
COCODY;PHARMACIE EMERAUDE
COCODY;PHARMACIE EMMANUEL
COCODY;PHARMACIE EPHRATA
COCODY;PHARMACIE HOSANNA
COCODY;PHARMACIE II PLATEAUX-AGBAN
COCODY;PHARMACIE KABOD
COCODY;PHARMACIE KAMON N'SIO
COCODY;PHARMACIE KANNIEN SARL
COCODY;PHARMACIE KELIAM
COCODY;PHARMACIE LA REDEMPTION SARL-U
COCODY;PHARMACIE LAS PALMAS
COCODY;PHARMACIE LATRILLE
COCODY;PHARMACIE LE ROCHER
COCODY;PHARMACIE LES ARCADES
COCODY;PHARMACIE LES ARUMS
COCODY;PHARMACIE LES CATLEYAS
COCODY;PHARMACIE LES HORTENSIAS SARL
COCODY;PHARMACIE LES JARDINS D'EDEN
COCODY;PHARMACIE LES MIMOSAS
COCODY;PHARMACIE LES ROSIERS
COCODY;PHARMACIE LES TULIPES
COCODY;PHARMACIE MALIKA
COCODY;PHARMACIE MARTHE ROBIN
COCODY;PHARMACIE MERMOZ
COCODY;PHARMACIE MONT CARMEL
COCODY;PHARMACIE NEW LIFE
COCODY;PHARMACIE NOEMIE SARL
COCODY;PHARMACIE NOTRE DAME DU GRAND SIGNE
COCODY;PHARMACIE ORCHID
COCODY;PHARMACIE PALMERAIE
COCODY;PHARMACIE RIVIERA 3
COCODY;PHARMACIE RIVIERA M'BADON
COCODY;PHARMACIE ROUTE D'ABATTA
COCODY;PHARMACIE SAINT AMBROISE DE ANGRE
COCODY;PHARMACIE SAINT ATHANASE
COCODY;PHARMACIE SAINT BERNARD
COCODY;PHARMACIE SAINT FRANCOIS DE DANGA
COCODY;PHARMACIE SAINT JEAN
COCODY;PHARMACIE SAINT JEAN-PAUL II
COCODY;PHARMACIE SAINTE AGATHE
COCODY;PHARMACIE SAINTE AGNES
COCODY;PHARMACIE SAINTE BEATRICE DES ROSIERS
COCODY;PHARMACIE SAINTE CLEMENTINE
COCODY;PHARMACIE SAINTE DOROTHEE
COCODY;PHARMACIE SAINTE FAMILLE
COCODY;PHARMACIE SAINTE HARMONY
COCODY;PHARMACIE SAINTE JEANNE D'ABATTA
COCODY;PHARMACIE SAINTE MARIE DES BEATITUDES
COCODY;PHARMACIE SAINTE TRINITE
COCODY;PHARMACIE SANTE DE VIE
COCODY;PHARMACIE SPRING
COCODY;PHARMACIE ST CHRISTOPHE
COCODY;PHARMACIE ST MARTIN DE FAYA
COCODY;PHARMACIE ST PAUL RIVIERA
COCODY;PHARMACIE ST PIERRE DES ROSEES
COCODY;PHARMACIE ST RAPHAEL ARCHANGE
COCODY;PHARMACIE STAR 9
COCODY;PHARMACIE TERA
COCODY;PHARMACIE VAL D'OISE
DABAKALA;PHARMACIE DE DABAKALA
DABAKALA;PHARMACIE SAINTE HELENE ANGORA
DABOU;PHARMACIE DES LAGUNES SARLU DE DABOU
DABOU;PHARMACIE DU MARCHE DABOU SARL
DABOU;PHARMACIE FEZAN
DABOU;PHARMACIE TEHIA
DABOU;PHARMACIE TOUPAH
DABOUYO;PHARMACIE DE DABOUYO
DALOA;GRANDE PHARMACIE APPAUL SARL U
DALOA;GRANDE PHARMACIE DES GARAGES
DALOA;NOUVELLE PHARMACIE DU SOLEIL
DALOA;PHARMACIE ADONAI D ORLY (DALOA)
DALOA;PHARMACIE ANEAUD
DALOA;PHARMACIE CENTRALE DALOA
DALOA;PHARMACIE COMMERCE DALOA
DALOA;PHARMACIE DES ANTILOPES
DALOA;PHARMACIE DU CARREFOUR LABIA
DALOA;PHARMACIE DU GRAND MARCHE DALOA
DALOA;PHARMACIE DU JUBILE DE TAZIBOUO
DALOA;PHARMACIE DU PARVIS
DALOA;PHARMACIE EVECHE
DALOA;PHARMACIE FATIMA
DALOA;PHARMACIE LOBIA
DALOA;PHARMACIE MACY-YA
DALOA;PHARMACIE MAYESS
DALOA;PHARMACIE MISERICORDE KENNEDY1
DALOA;PHARMACIE PRINCIPALE DE DALOA
DALOA;PHARMACIE QUARTIER HUBERSON SARL
DALOA;PHARMACIE SAINT EDMOND-PIERRE
DALOA;PHARMACIE SAINTE EMMANUELLA
DANANE;NOUVELLE PHARMACIE MODERNE DANANE
DANANE;PHARMACIE DU PONT DE LIANE
DAOUKRO;PHARMACIE DE DAOUKRO
DAOUKRO;PHARMACIE DE L'AMITIE (DAOUKRO)
DAOUKRO;PHARMACIE DE LA PAIX SARL
DIABO;PHARMACIE SAINTE MARIE DE DIABO
DIANRA;LA PHARMACIE DIANRA VILLAGE
DIDIEVI;PHARMACIE ASSENA
DIEGONEFLA;PHARMACIE DE DIEGONEFLA
DIEGONEFLA;PHARMACIE HAMANY
DIEGONEFLA;PHARMACIE SAINTE ESPERANCE
DIGNAGO;PHARMACIE COEURS UNIS
DIKODOUGOU;PHARMACIE PRINCIPALE DE DIKODOUGOU
DIMBOKRO;PHARMACIE DE DIMBOKRO
DIMBOKRO;PHARMACIE DE LA GRACE
DIMBOKRO;PHARMACIE PAUL ET MARIE
DIVO;GRANDE PHARMACIE DE GREMIAN
DIVO;NOUVELLE PHARMACIE SAINTE VERONIQUE
DIVO;PHARMACIE AHOUKOUA
DIVO;PHARMACIE CENTRALE DIVO
DIVO;PHARMACIE DE HERMANKONO-GARO
DIVO;PHARMACIE DE LA MAIRIE DE DIVO
DIVO;PHARMACIE DU MARCHE DIVO
DIVO;PHARMACIE ESPERANCE DE DIVO
DIVO;PHARMACIE FATIMA
DIVO;PHARMACIE GARE DE HIRE
DIVO;PHARMACIE HARMONY DIVO
DIVO;PHARMACIE KAMELIA LA GRACE DE DIVO
DIVO;PHARMACIE LES SEMAILLES DE BOUBO PALMCI(DIVO)
DIVO;PHARMACIE MODERNE DE BRIBORE
DIVO;PHARMACIE SAINTE MARIE DE DIVO
DJEBONOUA;PHARMACIE PENIEL
DJEKANOU;PHARMACIE SAINTE MARIE DE DJEKANOU
DOGBO;PHARMACIE DIVINE PROVIDENCE DE DOGBO
DOROPO;PHARMACIE PREMICES DE DOROPO
DUEKOUE;PHARMACIE DE DUEKOUE
DUEKOUE;PHARMACIE DE GBAPLEU NOUVELLE
DUEKOUE;PHARMACIE DE LA GARE DE DUEKOUE
DUEKOUE;PHARMACIE DE LA PAIX DE DUEKOUE
DUEKOUE;PHARMACIE DIVINE GRACE (DUEKOUE)
DUEKOUE;PHARMACIE KOKOMAN-VIE SARL U
DUEKOUE;PHARMACIE MASSEBA
DUEKOUE;PHARMACIE WAHON (DUEKOUE)
EBILASSOKRO;PHARMACIE EBILASSO
FERKESSEDOUGOU;PHARMACIE ANANIA
FERKESSEDOUGOU;PHARMACIE DE FERKE
FERKESSEDOUGOU;PHARMACIE PRINCIPALE DE FERKE
GABIADJI;NOUVELLE PHARMACIE SAINTE BERNADETTE
GABIADJI;PHARMACIE LES ANGES DE GABIADJI
GADOUAN;PHARMACIE SAINTE HELENE DE GADOUAN
GAGNOA;PHARMACIE AHOUANE
GAGNOA;PHARMACIE DE BARHYO
GAGNOA;PHARMACIE DE DARES SALAM
GAGNOA;PHARMACIE DE GOGNOA
GAGNOA;PHARMACIE DIOULABOUGOU SANTE
GAGNOA;PHARMACIE DU CHATEAU
GAGNOA;PHARMACIE DU MARCHE DE GAGNOA
GAGNOA;PHARMACIE ET LABORATOIRE LAFIA SARL
GAGNOA;PHARMACIE MANUELA
GAGNOA;PHARMACIE MARLYNS (GAGNOA)
GAGNOA;PHARMACIE MATHE
GAGNOA;PHARMACIE SAINT FRANCOIS D'ASSISE
GALEBRE;PHARMACIE DE GALEBRE
GBAGBAM;PHARMACIE SAINTE MARIE-REINE DE GBAGBAM
GOHITAFLA;PHARMACIE GRACE DIVINE DE GOHITAFLA
GRABO;PHARMACIE DE GNATO SARLU
GRAND BASSAM;PHARMACIE COLOMBE
GRAND BASSAM;PHARMACIE DU LITTORAL
GRAND BASSAM;PHARMACIE DU MARCHE
GRAND BASSAM;PHARMACIE DU MARCHE DE GRAND-BASSAM
GRAND BASSAM;PHARMACIE J. LOG SARL
GRAND BASSAM;PHARMACIE LEANA
GRAND BASSAM;PHARMACIE MOCKEYVILLE GD-BASSAM
GRAND BASSAM;PHARMACIE SAINTE EUNICE
GRAND BASSAM;PHARMACIE YELE SARL
GRAND BEREBY;PHARMACIE D'ADJAMENE
GRAND BEREBY;PHARMACIE ESPERANCE GRAND BEREBY
GRAND BEREBY;PHARMACIE NERO SARL
GRAND-LAHOU;PHARMACIE DES 3 Ã” (GRAND-LAHOU)
GRAND-MORIE;PHARMACIE DE GRAND MORIE MARTIALE ET AUGUSTIN
GRAND-ZATTRY;PHARMACIE SAINT ANTOINE DE GRAND ZATTRY
GUEPAHOUO;PHARMACIE NOUR KADIJA
GUIGLO;PHARMACIE DE GUIGLO
GUIGLO;PHARMACIE DU MARCHE DE GUIGLO
GUIGLO;PHARMACIE MAIRIE GUIGLO
GUIGLO;PHARMACIE MORIJAH DE GUIGLO. SARL.U
GUIGLO;PHARMACIE NIKLA
GUITRY;PHARMACIE DE GUITRY
HIRE;PHARMACIE DU WATTA-HIRE
HIRE;PHARMACIE MAIRIE DE HIRE
HIRE;PHARMACIE MODERNE HIRE
IBOGUHE;PHARMACIE D'IBOGUHE
ISSIA;NOUVELLE PHARMACIE ESPOIR ISSIA
ISSIA;PHARMACIE CORRIDOR ISSIA
ISSIA;PHARMACIE DIVINE GRACE ISSIA
ISSIA;PHARMACIE NOTRE DAME DE LA DELIVRANCE
JACQUEVILLE;NOUVELLE PHARMACIE DE JACQUEVILLE
JACQUEVILLE;PHARMACIE MONSOCHI
KATIOLA;PHARMACIE KAKOUMANI
KATIOLA;PHARMACIE KATIO
KATIOLA;PHARMACIE SAINT PIO DE LA GARE
KOLIA;PHARMACIE DOUHA SARL U
KONG;PHARMACIE NAOUSSE
KORHOGO;NOUVELLE PHARMACIE DU MONT KORHOGO
KORHOGO;PHARMACIE CHIGATA KORHOGO
KORHOGO;PHARMACIE DE MONGAHA SARL.U
KORHOGO;PHARMACIE DU 14
KORHOGO;PHARMACIE DU MARCHE DE KORHOGO
KORHOGO;PHARMACIE DU NORD SARL
KORHOGO;PHARMACIE NASSARA
KORHOGO;PHARMACIE NOTRE DAME
KORHOGO;PHARMACIE NOUVEAU QUARTIER DE KORHOGO
KORHOGO;PHARMACIE PALAIS DE JUSTICE SARL U
KORHOGO;PHARMACIE PRINCIPALE KORHOGO
KORHOGO;PHARMACIE SALAM DE LA GRANDE MOSQUEE (KORHOGO)
KORHOGO;PHARMACIE SANMIEN DE NATIO
KORHOGO;PHARMACIE TCHERGNIM
KOSSOU;PHARMACIE VIE NOUVELLE SARLU
KOTOBI;PHARMACIE LA PIERRE D'ANGLE
KOUIBLY;PHARMACIE SOKOUO DE KOUIBLY
KOUMASSI;GRANDE PHARMACIE DES LACS
KOUMASSI;GRANDE PHARMACIE M'PIKE
KOUMASSI;NOUVELLE PHARMACIE SAINT JOSEPH ARTISAN
KOUMASSI;PHARMACIE BERAKHA
KOUMASSI;PHARMACIE BOULEVARD DU CAMEROUN
KOUMASSI;PHARMACIE CHRIST'EMILE
KOUMASSI;PHARMACIE CLIMBIE
KOUMASSI;PHARMACIE DE LA BAGOE
KOUMASSI;PHARMACIE DU CAMPEMENT
KOUMASSI;PHARMACIE DU MARAIS
KOUMASSI;PHARMACIE DU SOLEIL
KOUMASSI;PHARMACIE EL RAPHA
KOUMASSI;PHARMACIE FANNY SARL
KOUMASSI;PHARMACIE GALILEE
KOUMASSI;PHARMACIE KAHIRA
KOUMASSI;PHARMACIE LE ROC
KOUMASSI;PHARMACIE REGINA
KOUMASSI;PHARMACIE SAINT ALBERT
KOUMASSI;PHARMACIE SAINT GEORGES
KOUMASSI;PHARMACIE SAINT LOUIS
KOUMASSI;PHARMACIE SAINT LUCIEN
KOUMASSI;PHARMACIE SAINTE CLOTILDE
KOUN FAO;PHARMACIE MODERNE DE KOUN-FAO
KOUTO;NOUVELLE PHARMACIE DU NIENE (SARLU)
LAKOTA;NOUVELLE PHARMACIE MARLODIE
LAKOTA;PHARMACIE DE LAKOTA
LAKOTA;PHARMACIE KENEYA LAKOTA
LAKOTA;PHARMACIE YORAM
LOGOUALE;PHARMACIE DE LA PAIX DE LOGOUALE
M'BATTO;PHARMACIE DE M'BATTO SARL
M'BENGUE;PHARMACIE SAINT RAPHAEL DE M'BENGUE SARL
MAFERE;PHARMACIE STE HELENE SARL U
MAN;NOUVELLE PHARMACIE LA COLOMBE DE MAN
MAN;PHARMACIE DE LA GRANDE MOSQUEE
MAN;PHARMACIE DE LIBREVILLE
MAN;PHARMACIE DI GEORGES SARLU
MAN;PHARMACIE DU COMMERCE MAN
MAN;PHARMACIE FIDELITAS
MAN;PHARMACIE KHIANELLY
MAN;PHARMACIE LYCEE CLUBMAN
MAN;PHARMACIE LYMANYA
MAN;PHARMACIE ODELIA
MANKONO;PHARMACIE BOUANDOUGOU
MANKONO;PHARMACIE DES MOSQUEES
MARCORY;NOUVELLE PHARMACIE CANAAN
MARCORY;NOUVELLE PHARMACIE DE LA VIE
MARCORY;NOUVELLE PHARMACIE DES HIBISCUS
MARCORY;NOUVELLE PHARMACIE EL-OLAM
MARCORY;PHARMACIE BETHESDA RESIDENTIELLE
MARCORY;PHARMACIE DE BIETRY SARL P
MARCORY;PHARMACIE DE L'AMITIE
MARCORY;PHARMACIE DE LA ZONE 3
MARCORY;PHARMACIE DES LAGUNES MARCORY
MARCORY;PHARMACIE DU GRAND MARCHE DE MARCORY
MARCORY;PHARMACIE IMMACULEE
MARCORY;PHARMACIE JEHOVA-JIRE
MARCORY;PHARMACIE LES REMBLAIS
MARCORY;PHARMACIE LILY MARIE
MARCORY;PHARMACIE METROPOLE
MARCORY;PHARMACIE MISERICORDE
MARCORY;PHARMACIE NOTRE DAME D'AFRIQUE
MARCORY;PHARMACIE PERUSIA
MARCORY;PHARMACIE PTT
MARCORY;PHARMACIE ROMA D'ANOUMABO
MARCORY;PHARMACIE SAINT ANTOINE
MARCORY;PHARMACIE SAINTE MARIE MAJEURE
MARCORY;PHARMACIE SAINTE RUTH
MARCORY;PHARMACIE TSF MARCORY SARL
MEAGUI;PHARMACIE PROXIMITE
MEAGUI;PHARMACIE SAINT RAPHAEL
MINIGNAN;PHARMACIE DU FOLON
N'DOUCI;NOUVELLE PHARMACIE DE N'DOUCI
NIABLE;PHARMACIE DES LAUREATS DE NIABLE
NIAKARAMADOUGOU;PHARMACIE LA SAVANE
NIAKARAMADOUGOU;PHARMACIE WEGNON DE NIAKARAMADOUGOU
NIAMBEZARIA;PHARMACIE YORAM
NIELLE;PHARMACIE NIELLE
NOE;PHARMACIE SHALOM DE NOE
ODIENNE;GRANDE PHARMACIE DU DENGUELE
ODIENNE;PHARMACIE DU ROND POINT ODIENNE
ODIENNE;PHARMACIE DU STADE ODIENNE
ODIENNE;PHARMACIE KENEYA MADINANI
OGOUDOU;PHARMACIE MODERNE D'OGOUDOU
OUANGOLODOUGOU;PHARMACIE DU QUARTIER DOUANE
OUANGOLODOUGOU;PHARMACIE MODERNE DE OUANGOLO SARLU
OUELLE;NOUVELLE PHARMACIE DE L'ETERNEL OUELLE
OUME;PHARMACIE D'OUME SARL-U
OUME;PHARMACIE DE LA TENE
OUME;PHARMACIE NOTRE DAME DES VICTOIRES D'OUME
OUME;PHARMACIE SOURCE DE VIE
OURAGAHIO;PHARMACIE MODERNE DE OURAGAHIO
PLATEAU;GRANDE PHARMACIE DES BANQUES
PLATEAU;GRANDE PHARMACIE DU COMMERCE-PLATEAU
PLATEAU;NOUVELLE PHARMACIE LES HARMONIES
PLATEAU;PHARMACIE ANIAMAN
PLATEAU;PHARMACIE AVENUE CHARDY
PLATEAU;PHARMACIE CENTRALE PLATEAU
PLATEAU;PHARMACIE CHICAYA
PLATEAU;PHARMACIE DE LA GARE SUD
PLATEAU;PHARMACIE DES FINANCES
PLATEAU;PHARMACIE DU BD CARDE ET LABORATOIRE
PLATEAU;PHARMACIE DU PALAIS DE JUSTICE
PLATEAU;PHARMACIE ET LABORATOIRE LONGCHAMP
PLATEAU;PHARMACIE ET LABORATOIRE PLACE DE LA REPUBLIQUE
PLATEAU;PHARMACIE KORALIE
PLATEAU;PHARMACIE LE TREFLE
PLATEAU;PHARMACIE NIACADIE
PORT BOUET;GRANDE PHARMACIE SAINT GILBERT DES 2 POTEAUX
PORT BOUET;NOUVELLE PHARMACIE DU PHARE
PORT BOUET;PHARMACIE AKWABA
PORT BOUET;PHARMACIE DE L'OCEAN
PORT BOUET;PHARMACIE DE LA BALTIQUE
PORT BOUET;PHARMACIE DE LA BENEDICTION
PORT BOUET;PHARMACIE DE PORT-BOUET
PORT BOUET;PHARMACIE DJESSOU
PORT BOUET;PHARMACIE DU WHARF SARL
PORT BOUET;PHARMACIE ELOMA DE GONZAG
PORT BOUET;PHARMACIE EPIPHANIE
PORT BOUET;PHARMACIE KOFFI KRA
PORT BOUET;PHARMACIE ROUTE DE BASSAM
PORT BOUET;PHARMACIE RUE ABRAHAM
PORT BOUET;PHARMACIE SAINT LOUIS DE GONZAG
PORT BOUET;PHARMACIE VRIDI-VILLAGE
PRIKRO;PHARMACIE DE PRIKRO
RUBINO;PHARMACIE DE RUBINO SARL
SAIOUA;PHARMACIE SAINT JACQUES DE SAIOUA
SAKASSOU;PHARMACIE MARCHE DE SAKASSOU
SAN PEDRO;GRANDE PHARMACIE DE SEWEKE
SAN PEDRO;GRANDE PHARMACIE SAINTE RITA WATE
SAN PEDRO;LA PHARMACIE DU BIEN ETRE SARL
SAN PEDRO;NOUVELLE PHARMACIE DE LA CITE
SAN PEDRO;PHARMACIE COSMOS
SAN PEDRO;PHARMACIE DIVINE PROVIDENCE
SAN PEDRO;PHARMACIE DO SARL
SAN PEDRO;PHARMACIE DU GRAND MARCHE
SAN PEDRO;PHARMACIE DU LAC
SAN PEDRO;PHARMACIE ELITE
SAN PEDRO;PHARMACIE LA VIE
SAN PEDRO;PHARMACIE LES BEATITUDES SARL
SAN PEDRO;PHARMACIE NITORO
SAN PEDRO;PHARMACIE QUARTIER FRANCOPHONIE
SAN PEDRO;PHARMACIE ROI DAVID
SAN PEDRO;PHARMACIE TERRE ROUGE
SANDEGUE;GRANDE PHARMACIE DE SANDEGUE
SANGOUINE;PHARMACIE BETHESDA DE SANGOUINE
SASSANDRA;PHARMACIE DAKPADOU
SASSANDRA;PHARMACIE ELISHAMA
SASSANDRA;PHARMACIE THEOTOKOS
SATAMA SOKOURA;PHARMACIE PROVIDENCE SATAMA SOKOURA
SEGUELA;PHARMACIE GRACE DE DIEU DE SEGUELA
SEGUELA;PHARMACIE MODERNE DE SEGUELA
SEGUELA;PHARMACIE NOUVELLE DE SEGUELA
SERIHIO;PHARMACIE PRINCIPALE DE SERIHIO
SIFIE;PHARMACIE HAVILA DE SIFIE
SIKENSI;PHARMACIE PRINCIPALE SIKENSI
SINEMATIALI;PHARMACIE GORLA DE SINEMATIALI
SINFRA;GRANDE PHARMACIE KAVOUDRO
SINFRA;PHARMACIE BOKOSSO NOUEVELLE
SINFRA;PHARMACIE PRINCIPALE SINFRA
SIRASSO;PHARMACIE DU KAFIGUE
SONGON;PHARMACIE ATELE
SONGON;PHARMACIE ELIORA
SONGON;PHARMACIE SAINT SAUVEUR
SOUBRE;GRANDE PHARMACIE DU SUD-OUEST SARL
SOUBRE;PHARMACIE DE L'IMMACULEE
SOUBRE;PHARMACIE DE LA MOSQUEE DE SOUBRE
SOUBRE;PHARMACIE DU CHATEAU SARL SOUBRE
SOUBRE;PHARMACIE PROVIDENCE SOUBRE SARL-U
SOUBRE;PHARMACIE SAINT BERNARD
SOUBRE;PHARMACIE SAINT BERNARD (BAKAYOKO)
SOUBRE;PHARMACIE SAINT JOSEPH
TAABO;PHARMACIE RESURRECTION DE TAABO
TABAGNE;PHARMACIE PROLIFE
TABOU;PHARMACIE LYADE
TAFIRE;PHARMACIE DU MARCHE DE TAFIRE
TAFIRE;PHARMACIE LA GRACE SARL-U TAFIRE
TAÏ;PHARMACIE DE TAI
TANDA;GRANDE PHARMACIE DE TANDA
TANDA;PHARMACIE DESBRONS
TANGUELAN;PHARMACIE ELISHAMA DE TANGUELAN
TENGRELA;PHARMACIE NIENEMA
TENGRELA;PHARMACIE YACOUBA SYLLA
TENINGBOUE;PHARMACIE BERE DE TIENINGBOUE
TIAPOUM;PHARMACIE SAINTE MARIE MADELEINE
TIASSALE;NOUVELLE PHARMACIE SAINT JOSEPH
TIASSALE;PHARMACIE DE TIASSALE
TIASSALE;PHARMACIE MOAYE NZIANOUA
TIEBISSOU;PHARMACIE DE TIEBISSOU
TIEBISSOU;PHARMACIE INDEPENDANCE
TIEMELEKRO;PHARMACIE DE TIEMELEKRO
TOUBA;NOUVELLE PHARMACIE DE TOUBA
TOUBA;PHARMACIE DU BAFING
TOUMODI;PHARMACIE ELIASHIB
TOUMODI;PHARMACIE NOTRE DAME DE LA SANTE
TREICHVILLE;NOUVELLE PHARMACIE DU PALAIS DES SPORTS
TREICHVILLE;NOUVELLE PHARMACIE NOTRE DAME
TREICHVILLE;PHARMACIE AVENUE 8
TREICHVILLE;PHARMACIE BELLEVILLE TREICHVILLE
TREICHVILLE;PHARMACIE DE L'AVENUE 21
TREICHVILLE;PHARMACIE DE L'ENTENTE
TREICHVILLE;PHARMACIE DES TROIS MOSQUEES
TREICHVILLE;PHARMACIE DU CHEMINOT
TREICHVILLE;PHARMACIE DU LEVANT
TREICHVILLE;PHARMACIE DU ROND-POINT DU CHU
TREICHVILLE;PHARMACIE LA VIE ZOE
TREICHVILLE;PHARMACIE MEGANE 2A
TREICHVILLE;PHARMACIE MEROUANE
TREICHVILLE;PHARMACIE ROCHE
TREICHVILLE;PHARMACIE SAINTE JEANNE
TREICHVILLE;PHARMACIE STE ADELE
VAVOUA;PHARMACIE BONOUFLA
YAKASE-ATTOBROU;PHARMACIE ALBERT AGROH
YAMOUSSOUKRO;GRANDE PHARMACIE DE LA CAPITALE
YAMOUSSOUKRO;GRANDE PHARMACIE MOROFE
YAMOUSSOUKRO;PHARMACIE ABOH
YAMOUSSOUKRO;PHARMACIE AZI
YAMOUSSOUKRO;PHARMACIE DE LA FONDATION
YAMOUSSOUKRO;PHARMACIE DE LA MOSQUEE
YAMOUSSOUKRO;PHARMACIE DES 220 LOGTS
YAMOUSSOUKRO;PHARMACIE DES BOULEVARDS
YAMOUSSOUKRO;PHARMACIE DES LACS
YAMOUSSOUKRO;PHARMACIE EBEN-EZER SARL
YAMOUSSOUKRO;PHARMACIE KOKRENOU SARLU
YAMOUSSOUKRO;PHARMACIE LE BELIER YAMOUSSOUKRO
YAMOUSSOUKRO;PHARMACIE LES JASMINS
YAMOUSSOUKRO;PHARMACIE LES MAGNOLIAS
YAMOUSSOUKRO;PHARMACIE MARIEL
YAMOUSSOUKRO;PHARMACIE MILIWANGAH
YAMOUSSOUKRO;PHARMACIE NOTRE DAME DE FATIMA YAMOUSSOUKRO
YAMOUSSOUKRO;PHARMACIE SAINTE FAMILLE DE YAMOUSSOUKRO
YAMOUSSOUKRO;PHARMACIE SANITAS (YAMOUSSOUKRO)
YAMOUSSOUKRO;PHARMACIE SANS FRONTIERES
YOCOBOUE;PHARMACIE MOAYE YOCOBOUE
YOPOUGON;GRANDE PHARMACIE DU 16ieme
YOPOUGON;GRANDE PHARMACIE DU PROGRES
YOPOUGON;GRANDE PHARMACIE GESCO FOURRIERE
YOPOUGON;GRANDE PHARMACIE KENEYA
YOPOUGON;GRANDE PHARMACIE L'AMITIE DE YOPOUGON
YOPOUGON;GRANDE PHARMACIE ROUTE DE DABOU
YOPOUGON;NOUVELLE PHARMACIE CELIA
YOPOUGON;NOUVELLE PHARMACIE LEM
YOPOUGON;NOUVELLE PHARMACIE PORT BOUET 2
YOPOUGON;NOUVELLE PHARMACIE PRINCIPALE YOPOUGON
YOPOUGON;NOUVELLE PHARMACIE SAINT RAPHAEL SARL
YOPOUGON;NOUVELLE PHARMACIE TOIT ROUGE
YOPOUGON;NOUVELLE PHARMACIE WAKOUBOUE
YOPOUGON;PHARMACIE AFIA
YOPOUGON;PHARMACIE AKADJOBA
YOPOUGON;PHARMACIE ALICIA
YOPOUGON;PHARMACIE ANTENNE
YOPOUGON;PHARMACIE ARBRE DE VIE
YOPOUGON;PHARMACIE ARTEMIA
YOPOUGON;PHARMACIE ASSONVON
YOPOUGON;PHARMACIE BERACA
YOPOUGON;PHARMACIE BETHEL DE BEAGO
YOPOUGON;PHARMACIE CARREFOUR COMMISSAIRE , MICAO
YOPOUGON;PHARMACIE CARREFOUR KOWEIT
YOPOUGON;PHARMACIE CARREFOUR POMPIER
YOPOUGON;PHARMACIE CHAYAH TERMINUS 40
YOPOUGON;PHARMACIE CHENAIN
YOPOUGON;PHARMACIE CHIGATA
YOPOUGON;PHARMACIE CHRIST ROI
YOPOUGON;PHARMACIE CITE MAROC SARL
YOPOUGON;PHARMACIE D'ANDOKOI
YOPOUGON;PHARMACIE DE GESCO SARL
YOPOUGON;PHARMACIE DE LA FELICITE
YOPOUGON;PHARMACIE DE SION
YOPOUGON;PHARMACIE DU CENACLE
YOPOUGON;PHARMACIE DU CINEMA BOISSY
YOPOUGON;PHARMACIE DU JUBILE
YOPOUGON;PHARMACIE DU LAVAGE SARL
YOPOUGON;PHARMACIE DU MILLIONNAIRE SARLU
YOPOUGON;PHARMACIE DU NOUVEAU MARCHE PORT BOUET II
YOPOUGON;PHARMACIE ELKANAH
YOPOUGON;PHARMACIE ESPOIR-GESCO
YOPOUGON;PHARMACIE ET LABORATOIRE NOUVEAU QUARTIER
YOPOUGON;PHARMACIE GLORIA SARL-U
YOPOUGON;PHARMACIE IKLHAS
YOPOUGON;PHARMACIE INOX SARL U
YOPOUGON;PHARMACIE KOWEIT MARCHE SARLU
YOPOUGON;PHARMACIE LA MAISON BLANCHE
YOPOUGON;PHARMACIE LA ROSEE DE L'HERMON
YOPOUGON;PHARMACIE LA SOURCE
YOPOUGON;PHARMACIE LA VIE YOPOUGON
YOPOUGON;PHARMACIE LAGOMA
YOPOUGON;PHARMACIE LAOULO
YOPOUGON;PHARMACIE LE JOURDAIN
YOPOUGON;PHARMACIE LE LOTUS
YOPOUGON;PHARMACIE LEA
YOPOUGON;PHARMACIE LES BEATITUDES
YOPOUGON;PHARMACIE LES ECLUSES
YOPOUGON;PHARMACIE LES ELYSEES
YOPOUGON;PHARMACIE LES OLIVIERS
YOPOUGON;PHARMACIE LES PHALENES
YOPOUGON;PHARMACIE MAIRIE DE YOPOUGON
YOPOUGON;PHARMACIE MAMY ADJOA
YOPOUGON;PHARMACIE MARCHE LOCODJRO
YOPOUGON;PHARMACIE MATY
YOPOUGON;PHARMACIE MICHEL ARCHANGE
YOPOUGON;PHARMACIE NIANGON LOKOA
YOPOUGON;PHARMACIE NIKIBEL
YOPOUGON;PHARMACIE NOTRE DAME DE LA PAIX
YOPOUGON;PHARMACIE PEFINA SARL
YOPOUGON;PHARMACIE PENIEL SARLU
YOPOUGON;PHARMACIE ROXANNE
YOPOUGON;PHARMACIE SACRE COEUR
YOPOUGON;PHARMACIE SAINT ANDRE
YOPOUGON;PHARMACIE SAINT ANGE EMMANUEL
YOPOUGON;PHARMACIE SAINT AUBIN
YOPOUGON;PHARMACIE SAINT CLEMENT
YOPOUGON;PHARMACIE SAINT JOSEPH ACADEMIE
YOPOUGON;PHARMACIE SAINT LAURENT YOPOUGON
YOPOUGON;PHARMACIE SAINT MARTIN
YOPOUGON;PHARMACIE SAINTE AUDE
YOPOUGON;PHARMACIE SAINTE MARIE
YOPOUGON;PHARMACIE SAINTE RITA
YOPOUGON;PHARMACIE SAINTE RITA DE CASCIA
YOPOUGON;PHARMACIE SANTA CATERINA
YOPOUGON;PHARMACIE SEGAI
YOPOUGON;PHARMACIE SELMER
YOPOUGON;PHARMACIE SHALOM SUARL
YOPOUGON;PHARMACIE SIPOREX SARL
YOPOUGON;PHARMACIE SOURALEY
YOPOUGON;PHARMACIE THEODORA
YOPOUGON;PHARMACIE TIZRA
YOPOUGON;PHARMACIE YACINE
YOPOUGON;PHARMACIE YOPOUGON ANADOR
YOPOUGON;PHARMACIE ZEULAYET
YOPOUGON;PHARMACIE ZONE INDUSTRIELLE YOPOUGON SARL-U
YOPOUGON;PHARMACIE ZONE MICAO
ZARANOU;PHARMACIE DE ZARANOU
ZIKISSO;PHARMACIE GRACE DIVINE DE ZIKISSO
ZOUAN HOUNIEN;PHARMACIE DE ZOUAN-HOUNIEN
ZUENOULA;GRANDE PHARMACIE DE KANZRA SARLU
ZUENOULA;PHARMACIE DE LA GARE
